isbn,专业,年级,版次
9787040617009,本科预科,2025,第二版
9787010125749,本科预科,2025,2013年第1版
9787010125749,本科预科,2025,2013年第1版
9787010125749,本科预科,2025,2013年第1版
9787010125749,本科预科,2025,2013年第1版
9787010125749,本科预科,2025,2013年第1版
9787010125817,本科预科,2025,第5版
9787010125817,本科预科,2025,第5版
9787544661850,本科预科,2025,第一版
9787544661850,本科预科,2025,第一版
9787544661850,本科预科,2025,第一版
9787544661850,本科预科,2025,第一版
9787544661850,本科预科,2025,第一版
9787030489432,本科预科,2025,2
9787302455844,材料类,2024,第3版
9787302455844,材料类,2024,第3版
9787302455851,材料类,2024,第3版
9787302455851,材料类,2024,第3版
9787302455844,材料类,2024,第3版
9787302305552,材料类,2024,第3版
9787302305552,材料类,2024,第3版
9787302455851,材料类,2024,第3版
9787302455851,材料类,2024,第3版
9787302455851,材料类,2024,第3版
9787040530339,材料类,2025,第七版
9787040530339,材料类,2025,第七版
9787040530339,材料类,2025,第七版
9787040530339,材料类,2025,9787040530339
9787040530339,材料类,2025,第七版
9787040530339,材料类,2025,第七版
9787040530339,材料类,2025,第七版
9787040530339,材料类,2025,第七版
9787040010251,材料物理,2023,第一版
9787040010251,材料物理,2023,9787040010251
9787040010251,材料物理,2023,9787040010251
9787040344967,材料类,2024,第三版
9787040344967,材料类,2024,第三版
9787040344967,材料类,2024,第三版
9787040344967,材料类,2024,第三版
9787030349965,材料类,2025,1
9787030349965,材料类,2025,1
9787030349965,材料类,2025,1
9787040376241,金属材料,2023,第六版
9787040376241,金属材料,2023,第六版
9787040376241,金属材料,2023,第六版
9787040582307,材料物理,2022,第二版
9787040582307,金属材料,2022,第2版
9787302524670,材料类,2025,第2版
9787302524670,材料类,2025,第2版
9787302524670,材料类,2025,第2版
9787302524670,材料类,2025,第2版
9787111653509,材料物理,2023,第4版
9787111653509,材料物理,2023,第4版
9787111653509,材料物理,2023,第4版
9787111653509,材料物理,2023,第4版
9787111662785,材料类,2024,第三版
9787111662785,材料类,2024,第三版
9787111530954,金属材料,2023,第3版
9787564046156,材料类,2024,第一版
9787564046156,材料类,2024,第一版
9787040479751,材料类,2024,第6版
9787040479751,材料类,2024,第6版
9787040459920,材料类,2024,第8版
9787040459920,材料类,2024,第8版
9787040479751,材料类,2024,6
9787040459920,材料类,2024,第八版
9787040479751,材料类,2024,6
9787040266504,材料类,2024,第八版
9787040479751,材料类,2024,第6版
9787040459920,材料类,2024,第8版
9787118113105,金属材料,2023,第2版
9787118113105,金属材料,2023,第2版
9787560329321,金属材料,2023,第1版
9787030489449,材料类,2025,2
9787030489449,材料类,2025,2
9787030489449,材料类,2025,2
9787030489449,材料类,2025,2
9787030489449,材料类,2025,2
9787030489449,材料类,2025,2
9787030489449,材料类,2025,2
9787030489449,材料类,2025,2
9787111071501,金属材料,2023,第1版
9787111302612,材料物理,2023,2019年8月第1版第6次印刷
9787122220318,金属材料,2023,第三版
9787302249078,材料物理,2023,第五版
9787302249078,材料物理,2023,第五版
9787111177333,金属材料,2023,1
9787111177333,金属材料,2023,1
9787301325513,金属材料,2023,2021版
9787111610878,材料物理,2022,9787111610878
9787512435834,材料物理,2023,第4版
9787548707479,材料物理,2023,第四版
9787122015211,材料物理,2022,第一版
9787562443988,金属材料,2023,第三版
9787111664925,金属材料,2023,第六版
9787111066378,金属材料,2023,第4版
9787111066378,金属材料,2023,第4版
9787040261400,金属材料,2023,第2版
9787111664925,金属材料,2023,第六版
9787562174783,地理科学（师范）,2025,第1版
9787562174783,地理科学（师范）,2025,第1版
9787562174783,地理科学（师范）,2025,无
9787562174783,地理科学（师范）,2025,第1版
9787562174783,地理科学（师范）,2025,无
9787040462685,地理科学类,2025,2017年第三版
9787040462685,地理科学类,2025,2017版
9787040462685,地理科学类,2025,2017版
9787040462685,地理科学类,2025,2017版
9787040616811,地理科学（师范）,2025,第三版
9787040616811,地理科学（师范）,2025,第3版
9787040616811,地理科学（师范）,2025,第3版
9787040616811,地理科学（师范）,2025,第三版
9787040616811,地理科学（师范）,2025,第三版
9787040616811,地理科学类,2025,第三版
9787040616811,地理科学类,2025,2024年第三版
9787040616811,地理科学类,2025,第三版
9787040616811,地理科学类,2025,第3版
9787030720016,地理信息科学,2024,2022年第二版
9787030720016,地理信息科学,2024,2022年第二版
9787030720016,地理信息科学,2024,2022年第二版
9787307242043,地理信息科学,2024,2024年2月第三版
9787307242043,地理信息科学,2024,2024年2月第三版
9787040165654,地理科学（师范）,2025,第4版
9787040165654,地理科学（师范）,2025,第4版
9787040165654,地理科学（师范）,2025,第四版
9787040165654,地理科学（师范）,2025,第四版
9787040165654,地理科学（师范）,2025,第四版
9787040060164,地理科学类,2025,第四版
9787040060164,地理科学类,2025,第四版
9787307210097,地理科学（师范）,2025,第二版
9787040462685,地理科学（师范）,2025,第三版
9787307210097,地理科学（师范）,2025,第二版
9787040462685,地理科学（师范）,2025,第三版
9787307210097,地理科学（师范）,2025,第二版
9787040462685,地理科学（师范）,2025,第三版
9787307210097,地理科学（师范）,2025,第二版
9787040462685,地理科学（师范）,2025,第三版
9787307210097,地理科学（师范）,2025,第二版
9787040462685,地理科学（师范）,2025,2017版
9787307242043,地理信息科学,2024,2024年2月第三版
9787307242043,地理信息科学,2024,2024年2月第三版
9787030539076,地理信息科学,2023,2018年第一版
9787030539076,地理信息科学,2023,2018年第一版
9787040495379,人文地理班,2024,无
9787030804969,地理科学（师范）,2025,第一版
9787030804969,地理科学（师范）,2025,2024第一版
9787030804969,地理科学（师范）,2025,2024第一版
9787030804969,地理科学（师范）,2025,第一版
9787030804969,地理科学（师范）,2025,第一版
9787040005332,地理科学（师范）,2024,第1版
9787040005332,地理科学（师范）,2024,第1版
9787040005332,地理科学（师范）,2024,无
9787040005332,地理科学（师范）,2024,第1版
9787040005332,地理科学（师范）,2024,第1版
9787040041736,地理科学（师范）,2024,1993年6月第1版
9787040041736,地理科学（师范）,2024,1985年6月第1版
9787040041736,地理科学（师范）,2024,2021年1月第2版
9787040041736,地理科学（师范）,2024,1985年6月第1版本
9787040041736,地理科学（师范）,2024,1985年6月第1版本
9787030636607,地理信息科学,2024,2019年第一版
9787030563293,地理信息科学,2024,第1版
9787030563293,地理信息科学,2024,第1版
9787030563293,地理信息科学,2024,第1版
9787030563309,地理信息科学,2024,第1版
9787030563309,地理信息科学,2024,第1版
9787030563309,地理信息科学,2024,第1版
9787040591255,地理信息科学,2023,第六版
9787040591255,地理信息科学,2023,第六版
9787030539076,地理信息科学,2023,2018年第一版
9787030539076,地理信息科学,2023,2018年第一版
9787100096744,地理科学（师范）,2024,第一版
9787100096744,地理科学（师范）,2024,第一版
9787100096744,地理科学（师范）,2024,第一版
9787040542325,地理科学（师范）,2023,第二版
9787040542325,地理科学（师范）,2023,2022年第二版
9787040542325,地理科学（师范）,2023,第二版
9787040542325,地理科学（师范）,2023,2022年第二版
9787040542325,地理科学（师范）,2023,2022年第二版
9787040542325,地理科学（师范）,2023,2020年第2版
9787040542325,地理科学（师范）,2023,2020年第2版
9787040542325,地理科学（师范）,2023,第2版
9787040542325,地理科学（师范）,2023,第2版
9787040620115,地理科学（师范）,2023,2024年第2版
9787040620115,地理科学（师范）,2023,058689
9787040620115,地理科学（师范）,2023,2024年第2版
9787040620115,地理科学（师范）,2023,第2版
9787040620115,地理科学（师范）,2023,第2版
9787040620115,地理科学（师范）,2023,第二版
9787040620115,地理科学（师范）,2023,第二版
9787040620115,地理科学（师范）,2023,第2版
9787040620115,地理科学（师范）,2023,第2版
9787030720016,人文地理班,2024,2022年第二版
9787109203228,人文地理,2023,第6版
9787109203228,人文地理,2023,第6版
9787307242043,人文地理班,2024,第三版
9787100202879,人文地理班,2024,第一版
9787100202879,人文地理班,2024,第一版
9787564184391,人文地理,2023,4
9787564184391,人文地理,2023,4
9787109285361,人文地理,2023,第九版
9787109285361,人文地理,2023,第九版
9787302521341,地理信息科学,2023,2019年第1版
9787302521341,地理信息科学,2023,2019年第1版
9787040555646,人文地理班,2024,第三版
9787503022913,地理信息科学,2023,2011年6月第一版
9787302583318,地理信息科学,2023,第一版
9787302583318,地理信息科学,2023,第一版
9787030369086,地理信息科学,2023,第二版
9787030369086,地理信息科学,2023,第二版
9787109261068,人文地理,2023,2021年3月第1版
9787109261068,人文地理,2023,2021年3月第1版
9787109227996,人文地理班,2024,第1版
9787030534316,地理科学（师范）,2024,2017年6月第二版
9787030534316,地理科学（师范）,2024,2017年6月第二版
9787030534316,地理科学（师范）,2024,2017年6月第二版
9787030534316,地理科学（师范）,2024,2017年6月第二版
9787040144611,人文地理,2023,2004年7月第1版
9787040144611,人文地理,2023,第一版
9787030465962,人文地理,2022,第一版
9787030272317,地理科学（师范）,2023,第一版
9787030272317,地理科学（师范）,2023,第一版
9787511155894,人文地理,2023,修订版
9787511155894,人文地理,2023,修订版
9787565523588,人文地理班,2024,第6版
9787550452282,地理科学（师范）,2023,第一版
9787550452282,地理科学（师范）,2023,第一版
9787302023685,地理信息科学,2023,第一版
9787302023685,地理信息科学,2023,第一版
9787302023685,地理信息科学,2023,第一版
9787030658227,地理信息科学,2023,第三版
9787030658227,地理信息科学,2023,第三版
9787302366157,地理信息科学,2022,2014年第2版
9787307079618,地理信息科学,2023,v1
9787563833108,人文地理,2023,第10版
9787563833108,人文地理,2023,第10版
9787040423785,地理科学（师范）,2025,第三版
9787040423785,地理科学（师范）,2025,第三版
9787040423785,地理科学（师范）,2025,第三版
9787040423785,地理科学（师范）,2025,第三版
9787040423785,地理科学（师范）,2025,第三版
9787301310212,地理科学（师范）,2023,第3版
9787301310212,地理科学（师范）,2023,第3版
9787040566482,地理科学（师范）,2023,第一版
9787122465955,地理科学（师范）,2024,2024年第二版
9787122465955,地理科学（师范）,2024,2024年第二版
9787122465955,地理科学（师范）,2024,2024年第二版
9787122465955,地理科学（师范）,2024,第二版
9787122465955,地理科学（师范）,2024,第二版
9787122465955,地理科学（师范）,2024,第二版
9787122465955,地理科学（师范）,2024,第二版
9787030277503,地理科学（师范）,2024,第一版
9787030277503,地理科学（师范）,2024,第一版
9787030277503,地理科学（师范）,2024,第一版
9787030277503,地理科学（师范）,2024,第一版
9787122465955,人文地理班,2024,第二版
9787302583318,人文地理班,2024,第一版
9787100123983,地理科学（师范）,2024,第六版
9787100123983,地理科学（师范）,2024,第六版
9787100123983,地理科学（师范）,2024,1
9787100123983,地理科学（师范）,2024,1
9787100123983,地理科学（师范）,2024,1
9787100123983,地理科学（师范）,2024,1
9787576019636,地理科学（师范）,2024,第一版
9787576019636,地理科学（师范）,2024,第一版
9787576019636,地理科学（师范）,2024,第一版
9787576019636,地理科学（师范）,2024,第一版
9787576019636,地理科学（师范）,2024,第一版
9787030356406,地理科学（师范）,2023,978-7-03-035640
9787030356406,地理科学（师范）,2023,978-7-03-035640
9787030087706,地理科学（师范）,2023,2018-3-16
9787030087706,地理科学（师范）,2023,2018-3-16
9787521908848,地理科学（师范）,2023,第4版
9787562253174,地理科学（师范）,2023,2012年版
9787030493026,地理信息科学,2023,2016年第一版
9787030563309,地理科学（师范）,2024,第31版
9787030563309,地理科学（师范）,2024,第一版
9787030563309,地理科学（师范）,2024,第一版
9787532897315,动科（中外合作）,2025,第2版
9787532897315,动科（中外合作）,2025,第2版
9787532897315,动科（中外合作）,2025,第2版
9787532897315,动科（中外合作）,2025,第2版
9787569723540,动科（中外合作）,2023,第一版
9787569723540,动科（中外合作）,2023,第一版
9787109176751,动科（中外合作）,2023,第13版
9787569723540,动科（中外合作）,2023,第1版
9787109176751,动科（中外合作）,2023,第13版
9787569723540,动科（中外合作）,2023,第1版
9781440878824,动科,2022,2022年第9版
9787565529337,动科（中外合作）,2023,第1版
9787565529337,动科（中外合作）,2023,第1版
9787040427776,动科,2024,第三版
9787040427776,动科,2024,第三版
9787532897292,动科（中外合作）,2024,第2版
9787532897292,动科（中外合作）,2024,第2版
9787532897292,动科（中外合作）,2024,第2版
9787532897292,动科（中外合作）,2024,第2版
9787570103256,动科（中外合作）,2023,第2版
9787570103256,动科（中外合作）,2023,第2版
9787570103256,动科（中外合作）,2023,第2版
9787570103256,动科（中外合作）,2023,第2版
9787109176751,动科（中外合作）,2024,第13版
9787109176751,动科（中外合作）,2024,第13版
9787109176751,动科（中外合作）,2024,第13版
9787109176751,动科（中外合作）,2024,第13版
9787569723540,动科,2024,第一版
9787569723540,动科,2024,2024年8月　第1版
9787569723540,动科,2024,2024年8月　第1版
9787569723540,动科,2024,第1版
9787569723540,动科,2024,第1版
9787569723540,动科,2024,第1版
9787302518365,动科（中外合作）,2025,第一版
9787302518365,动科（中外合作）,2025,第一版
9787040442717,动科（中外合作）,2024,第二版
9787040442717,动科（中外合作）,2024,第二版
9787040442717,动科（中外合作）,2024,第二版
9787040442717,动科（中外合作）,2024,第二版
9780965764834,动科（中外合作）,2023,第3版
9787109262744,动科（中外合作）,2023,ISBN 978-7-109-26274-4
9780965764834,动科（中外合作）,2023,第3版
9787109262744,动科（中外合作）,2023,ISBN 978-7-109-26274-4
9787109147645,动科（中外合作）,2023,第三版
9787109147645,动科（中外合作）,2023,第三版
9780965764834,动科（中外合作）,2023,第3版
9787109296749,动科（中外合作）,2023,第三版
9787109237742,动科（中外合作）,2023,第一版
9787511609632,动科（中外合作）,2023,9787511609632
9787109154063,动科（中外合作）,2023,第三版
9787109296749,动科（中外合作）,2023,第三版
9787109237742,动科（中外合作）,2023,第一版
9787511609632,动科（中外合作）,2023,9787511609632
9787109154063,动科（中外合作）,2023,第三版
9787109296749,动科（中外合作）,2023,第三版
9787109237742,动科（中外合作）,2023,第一版
9787511609632,动科（中外合作）,2023,9787511609632
9787109154063,动科（中外合作）,2023,第三版
9787109296749,动科（中外合作）,2023,第三版
9787109237742,动科（中外合作）,2023,第一版
9787511609632,动科（中外合作）,2023,9787511609632
9787109154063,动科（中外合作）,2023,第三版
9787040442717,动科,2024,第二版
9787040442717,动科,2024,第二版
9787040442717,动科,2024,第二版
9787040442717,动科,2024,第二版
9787040442717,动科,2024,第二版
9787040442717,动科,2024,第二版
9787040442717,动科,2024,第二版
9787040442717,动科,2024,第二版
9787040442717,动科,2024,第二版
9787109247888,动科,2024,第二版
9787109247888,动科,2024,第二版
9787109247888,动科,2024,第二版
9787109247888,动科,2024,第二版
9787109247888,动科,2024,第二版
9787109247888,动科,2024,第二版
9787109247888,动科,2024,第二版
9787109247888,动科,2024,第二版
9787109247888,动科,2024,第二版
9787109247888,动科,2024,第二版
9787109247888,动科,2024,第二版
9787109247888,动科,2024,第二版
9787109147645,动科,2023,第三版
9787109147645,动科,2023,第三版
9787109147645,动科,2023,第三版
9787109262744,动科,2023,第3版
9787109147645,动科,2023,第三版
9787109147645,动科,2023,第三版
9787109147645,动科,2023,第三版
9787109147645,动科,2023,第三版
9787109147645,动科,2023,第三版
9787562158332,动科,2023,2012年第1版
9787562158332,动科,2023,2012年第1版
9787562158332,动科,2023,第1版
9787562158332,动科,2023,第1版
9787109205116,动科,2023,9787109205116
9787109205116,动科,2023,9787109205116
9787562158332,动科,2023,第 1版
9787562158332,动科,2023,第 1版
9787562158332,动科,2023,第一版
9787562158332,动科,2023,第一版
9787562197300,动科,2022,第1版
9787562197300,动科,2022,第1版
9787562197300,动科,2022,第1版
9787562197300,动科,2022,第1版
9787040471571,动科（中外合作）,2024,第5版
9787040471571,动科（中外合作）,2024,第5版
9787030368539,动科,2023,原书第五版
9787030754684,动科,2022,2022年第二版
9787030754684,动科,2022,2022年第二版
9787117264402,动医,2023,第七版
9787117264402,动医,2023,第七版
9787117222785,药学,2024,第七版
9787117222785,药学、药学远志班,2024,第七版
9787109265165,动科,2023,第四版
9787109265165,动科,2023,第四版
9787109256165,动科,2023,第四版
9787109265165,动科,2023,第四版
9787109265165,动科,2023,第四版
9787109265165,动科,2023,第四版
9787109265165,动科,2023,第四版
9787109265165,动科,2023,第四版
9787109265165,动科,2023,第四版
9787109265165,动科,2023,第四版
9787109265165,动科,2023,第四版
9787565520198,动科,2022,第三版
9787565520198,动科,2022,第三版
9787565520198,动科,2022,第三版
9787565520198,动科,2022,第三版
9787565520198,动科,2022,第三版
9787040521870,动科,2024,第2版
9787040521870,动科,2024,第2版
9787109189232,动科,2024,第4版
9787109081963,动医,2022,7-109-08196-6
9787109081963,动医,2022,第三版
9787109081963,动医,2022,第三版
9787109140875,动科,2024,1
9787109215160,动科,2022,第二版
9787109272453,动科,2025,第一版
9787109272453,动科,2025,第一版
9787109272453,动科（中外合作）,2025,第一版
9787569723540,动科,2023,第一版
9787109218956,动科,2022,第一版
9787569723908,动物药学,2024,第一版
9787569723908,动物药学,2024,第一版
9787562163046,中兽医学,2023,第一版
9787562163046,动医,2023,第一版
9787562163046,动医,2023,第一版
9787562163046,动医,2023,1
9787562163046,动医,2023,1
9787562163046,动医,2023,第一版
9787115510044,动物药学,2023,第一版
9787115510044,中兽医学,2023,第一版
9787313136015,动医,2023,2015年9月第1版
9787313136015,动医,2023,2015年9月第1版
9787313136015,动医,2023,2015年9月1版
9787562167587,动科,2023,第一版
9787562167587,动科,2023,第一版
9787562167587,动科,2023,第一版
9787562167587,动科,2023,第一版
9787562167587,动科,2023,第一版
9787562167587,动科,2023,第一版
9787562167587,动科,2023,第一版
9787562167587,动科,2023,第一版
9787562167587,动科,2023,第一版
9787030778673,兽医公卫班,2024,第三版
9787109167490,21动医,,第一版
9787109167490,21动医,,第一版
9787109261075,21动医,,第三版
9787109261075,21动医,,第三版
9787109261075,21动医,,第三版
9787562133254,21动医,,第1版
9787562133254,21动医,,第1版
9787109241336,动科（中外合作）,2025,9787109241336
9787109241336,动科（中外合作）,2025,9787109241336
9787565519970,动科（中外合作）,2024,第二版
9787565519598,动科（中外合作）,2024,第二版
9787565519970,动科（中外合作）,2024,第二版
9787565519598,动科（中外合作）,2024,第二版
9787030778673,动医,2024,第三版
9787030778673,动医,2024,第三版
9787030778673,动医,2024,第三版
9787030778673,动医,2024,第三版
9787030778673,动医,2024,第三版
9787030778673,动医,2024,第三版
9787122059796,动医,2024,第一版
9787122059796,动医,2024,第一版
9787122059796,动医,2024,第一版
9787122059796,动医,2024,第一版
9787122059796,动医,2024,第一版
9787565525575,21动医,,第2版
9787565525575,21动医,,第2版
9787565525575,21动医,,第2版
9787109194557,动科,2022,第4版
9787109194144,动科,2022,第二版
9787109194557,动科,2022,第4版
9787109194144,动科,2022,第二版
9787109194144,动科,2022,第二版
9787109194557,动科,2022,第4版
9787109194144,动科,2022,第二版
9787569709513,动医,2023,第二版
9787569709513,动医,2023,第二版
9787569709513,动医,2023,第二版
9787569718782,中兽医学,2022,第1版
9787569718782,中兽医学,2022,第1版
9787122059796,动医,2024,第一版
9787122059796,动医,2024,第一版
9787122059796,动医,2024,第一版
9787122059796,动医,2024,第一版
9787122059796,动医,2024,第一版
9787122059796,兽医公卫班,2024,第一版
9787109290549,中兽医学,2023,9787109290549
9787109241336,动医类（五年制）,2025,9787109241336
9787109241336,动医类（五年制）,2025,9787109241336
9787109241336,动医类（五年制）,2025,9787109241336
9787109241336,动医类（五年制）,2025,9787109241336
9787109268432,动物药学,2024,6
9787109268432,中兽医学,2024,6
9787109268432,动医,2024,6
9787109268432,动医,2024,6
9787109268432,动医,2024,6
9787109268432,动医,2024,6
9787562163022,动物药学,2024,1
9787562163022,动物药学,2024,1
9787562163022,动医,2024,1
9787562163022,动医,2024,1
9787562163022,动医,2024,1
9787562163022,动医,2024,1
9787562163022,动医,2024,1
9787562163022,动医,2024,1
9787562163022,动医,2024,1
9787562163022,动医,2024,1
9787562163022,兽医公卫班,2024,1
9787562163022,中兽医学,2024,1
9787562163022,中兽医学,2024,1
9787109305960,兽医公卫班,2024,原书第六版
9787109169623,动物药学,2024,第五版
9787109305960,动医,2024,原书第六版
9787109305960,动医,2024,原书第六版
9787109305960,动医,2024,原书第六版
9787302324317,动物药学,2024,2018年第一版
9787302324317,动医,2024,第一版
9787109169623,动医,2024,2018年第一版
9787302324317,动医,2024,第一版
9787302324317,动医,2024,第一版
9787302324317,动医,2024,第一版
9787109241336,动医类（五年制）,2025,9787109241336
9787109241336,动医类（五年制）,2025,9787109241336
9787109241336,动医类（五年制）,2025,9787109241336
9787109241336,动医类（五年制）,2025,9787109241336
9787109241336,动医类（五年制）,2025,9787109241336
9787117041027,中兽医学,2024,9787513240314
9787538405286,中兽医学,2024,第1版
9787122059796,兽医公卫班,2024,第一版
9787109241336,动医,2023,自编教材
9787109241336,动医,2023,自编教材
9787109241336,动医,2023,自编教材
9787109293748,动医,2022,第4版
9787109252530,动物药学,2023,2019年第一版
9787109252530,动物药学,2023,2019年第一版
9780000000000,动物药学,2023,无
9780000000000,动物药学,2023,无
9787109163256,动医,2022,第四版
9787109163256,动医,2022,第四版
9787109163256,动医,2022,第四版
9787109186750,动医,2022,第四版
9787109163256,动医,2022,第4版
9787109163256,动医,2022,第4版
9787109163256,动医,2022,第4版
9787109219199,动物药学,2023,第二版
9787109219199,动物药学,2023,第二版
9787109201279,动物药学,2022,第三版
9787109120198,动物药学,2022,第一版
9787109201279,动物药学,2022,第三版
9787109120198,动物药学,2022,第一版
9787109194557,动物药学,2023,第4版
9787109194557,动物药学,2023,第4版
9787109194144,动物药学,2023,第二版
9787109194144,动物药学,2023,第二版
9787109161924,动医,2023,第五版
9787109161924,动医,2023,第五版
9787109161924,动医,2023,第五版
9787109161924,动医,2023,第五版
9787109161924,动医,2023,第五版
9787565519741,动医,2023,第2版
9787565519741,动医,2023,第2版
9787565519741,动医,2023,第2版
9787565519741,动医,2023,第2版
9787801569318,中兽医学,2023,1
9787801569318,中兽医学,2023,1
9787569718782,动医,2022,第1版
9787569718782,动医,2022,第1版
9787569718782,动医,2022,第1版
9787569718782,动医,2022,第1版
9787569718782,动医,2022,第一版
9787569718782,动医,2022,第1版
9787569718782,动医,2022,第1版
9787569718782,动医,2022,第1版
9787810024877,中兽医学,2023,第1版
9787109290549,动医,2023,9787109290549
9787109290549,动医,2023,9787109290549
9787109290549,动医,2023,9787109290549
9787109290549,动医,2023,9787109290549
9787109290549,动医,2023,9787109290549
9787109290549,动医,2023,9787109290549
9787109290549,动医,2023,9787109290549
9787109290549,动医,2023,9787109290549
9787109290549,动医,2023,9787109290549
9787513234153,中兽医学,2024,10
9787030691927,动医,2022,第3版
9787030691927,动医,2022,第3版
9787030691927,动医,2022,第３版
9787030691927,动医,2022,第３版
9787030691927,动医,2022,第３版
9787030691927,动物药学,2024,第３版
9787122269751,中兽医学,2023,3
9787570625345,动医,2022,第1版
9787570625345,动医,2022,第1版
9787109133488,动医,2022,2009年第1版
9787109075443,动医,2022,第一版
9787109075443,动医,2022,第一版
9787109075443,动医,2022,第一版
9787569713701,动医,2022,2022年4月第1版
9787569713701,动医,2022,2022年4月第1版
9787569713701,动医,2022,第一版
9787569713701,动医,2022,第一版
9787569713701,动医,2022,第1版
9787569713701,动医,2022,第1版
9787569713701,动医,2022,第1版
9787569713701,动医,2022,2022年第一版
9787569713701,动医,2022,2022年第一版
9787569713701,动医,2022,2022年第一版
9787565519741,动医,2023,第2版
9787565519741,动医,2023,第2版
9787565519741,动医,2023,第2版
9787565519741,动医,2023,第2版
9787040442779,动医,2023,自编教材
9787040442779,动医,2023,自编教材
9787040442779,动医,2023,自编教材
9787040526219,法学,2025,第二版
9787040526219,法学,2025,2022年第二版
9787040526219,法学,2025,2022年第二版
9787040566093,法学,2024,2022第三版
9787040566093,法学,2024,第三版
9787040566093,法学,2024,第三版
9787040610529,法学,2025,第二版
9787040610529,法学,2025,第二版
9787040610529,法学,2025,第二版
9787040610529,法学,2025,第二版
9787300319025,法学,2025,1
9787040459241,法学,2025,无
9787040582710,法学,2025,第二版
9787040582710,法学,2025,第二版
9787040582710,法学,2025,第二版
9787519783099,法学,2024,第五版
9787519783099,法学,2024,第五版
9787040565416,法学,2024,第二版
9787040566055,法学,2024,第三版
9787040566055,法学,2024,第三版
9787040566055,法学,2024,第三版
9787040582727,法学,2023,第二版
9787040582727,法学,2023,第二版
9787040501162,法学,2023,第二版
9787040501162,法学,2023,第二版
9787300331225,法学,2023,第四版
9787300331225,法学,2023,第四版
9787300331225,法学,2023,第四版
9787300331225,法学,2023,第四版
9787300331225,法学,2023,第四版
9787010227696,公管类,2025,第二版
9787010227696,公管类,2025,第二版
9787010227696,公管类,2025,第二版
9787010227696,公管类,2025,第二版
9787010227696,公管类,2025,第二版
9787010227696,公管类,2025,第二版
9787040458329,公管类,2025,第1版
9787040458329,公管类,2025,第1版
9787040458329,公管类,2025,第1版
9787040458329,公管类,2025,第1版
9787040458329,公管类,2025,第1版
9787040458329,公管类,2025,第1版
9787040458329,公管类,2025,第一版
9787040458329,公管类,2025,第1版
9787109294219,行政管理（弘毅班）,2024,第三版
9787109294219,行政管理,2024,第三版
9787109294219,行政管理,2024,第三版
9787300270470,行政管理（弘毅班）、行政管理,2024,第五版
9787300270470,行政管理,2024,第五版
9787300146577,行政管理（弘毅班）、行政管理,2024,9787300146577
9787040536133,弘毅班、行政管理,2023,第二版
9787040536133,弘毅班、行政管理,2023,第二版
9787040510713,行政管理,2023,第一版
9787040365900,社会工作,2024,2
9787040368918,社会工作,2023,第二版
9787209057745,社会工作,2023,第1版
9787040500912,文化产业管理,2024,第二版
9787300334424,社会工作,2023,第一版
9787300334424,社会工作,2023,第一版
9787300287294,社会工作,2024,2021年第一版
9787300287294,社会工作,2024,2021年第一版
9787309161267,弘毅班、行政管理,2023,第二版
9787309161267,弘毅班、行政管理,2023,第二版
9787801901217,社会工作,2023,2018年版
9787040522068,文化产业管理,2024,978-7-04-052206-8
9787040522068,文化产业管理,2024,978-7-04-052206-8
9787040525557,哲学,2025,2019年修订版
9787040525557,哲学,2025,2019年修订版
9787010229256,哲学,2025,第二版
9787010229256,哲学,2025,第二版
9787300305394,公管类,2025,第六版
9787300305394,公管类,2025,第六版
9787300305394,公管类,2025,第六版
9787300256214,公管类,2025,第五版
9787300256214,公管类,2025,第五版
9787300256214,公管类,2025,第五版
9787040540420,哲学,2025,2020版
9787040540420,哲学,2025,2020版
9787521703832,哲学博雅班,2024,第一版
9787521703832,哲学博雅班,2024,第一版
9787300225807,文化产业管理,2024,第1版
9787211076406,文化产业管理,2024,第1版
9787040543995,行政管理（弘毅班）,2024,第二版
9787040543995,行政管理（弘毅班）,2024,第二版
9787040543995,行政管理,2024,第二版
9787040543995,行政管理,2024,第二版
9787040508901,弘毅班,2023,第一版
9787568064156,弘毅班,2023,第一版
9787300258904,行政管理,2024,第1版
9787514197846,文化产业管理,2023,第一版
9787309060119,文化产业管理,2024,048297
9787306062192,文化产业管理,2023,267651
9787300257020,文化产业管理,2023,第1版
9787309145687,哲学博雅班,2024,第二版
9787101001365,哲学博雅班,2023,第1版
9787302595199,文化产业管理,2023,第4版
9787300281483,哲学勉仁班,2024,第一版
9787521703832,哲学勉仁班,2024,第一版
9787521703832,哲学勉仁班,2024,第一版
9787040616255,行政管理,2023,第二版
9787040616255,行政管理,2023,第二版
9787040616255,弘毅班,2023,第二版
9787040510713,社会工作,2023,第一版
9787010223018,哲学博雅班,2023,2020年第2版
9787010223018,哲学博雅班,2023,2020年第2版
9787040500912,哲学博雅班,2024,第二版
9787040500912,哲学勉仁班,2024,第二版
9787300219622,行政管理,2023,978-7-300-21962-2
9787300219622,行政管理,2023,978-7-300-21962-2
9787030764614,社会工作,2024,CIP（2023）第182528号
9787040465389,社会工作,2024,第3版
9787040540178,社会工作,2024,2021版
9787040540178,文化产业管理,2024,第三版
9787109203228,弘毅班、行政管理,2023,第六版
9787101137637,哲学博雅班、哲学勉仁班,2024,第一版
9787101137637,哲学博雅班、哲学勉仁班,2024,第一版
9787503571657,行政管理（弘毅班）、行政管理,2024,第一版
9787302470892,文化产业管理,2023,第1版
9787567537194,文化产业管理,2023,第2版
9787040275612,社会工作,2023,第一版
9787115572653,24级神农班,,第一版
9787532897315,计科（中外合作）,2025,第2版
9787532897315,计科（中外合作）,2025,第2版
9787532897315,计科（中外合作）,2025,第2版
9787532897315,自动化（中外合作）,2025,第2版
9787532897315,自动化（中外合作）,2025,第2版
9787532897315,自动化（中外合作）,2025,第2版
9787532897315,自动化（中外合作）,2025,第2版
9787532897315,计科（中外合作）,2025,第2版
9787532897315,软工（中外合作）,2025,第2版
9787532897315,软工（中外合作）,2025,第2版
9787532897315,软工（中外合作）,2025,第2版
9787532897315,软工（中外合作）,2025,第2版
9787532897292,计科（中外合作）,2024,第2版
9787532897292,计科（中外合作）,2024,第2版
9787532897292,计科（中外合作）,2024,第2版
9787532897292,计科（中外合作）,2024,第2版
9787532897292,自动化（中外合作）,2024,第2版
9787532897292,自动化（中外合作）,2024,第2版
9787532897292,自动化（中外合作）,2024,第2版
9787532897292,自动化（中外合作）,2024,第2版
9787532897292,软工（中外合作）,2024,第2版
9787532897292,软工（中外合作）,2024,第2版
9787532897292,软工（中外合作）,2024,第2版
9787532897292,软工（中外合作）,2024,第2版
9787040589818,自动化（中外合作）,2025,第八版
9787040589818,自动化（中外合作）,2025,第八版
9787040589818,计科（中外合作）,2025,第8版
9787040589818,计科（中外合作）,2025,第8版
9787040589818,计科（中外合作）,2025,第八版
9787040589818,软工,2025,第八版
9787040589818,软工,2025,第八版
9787040589818,计科,2025,第8版
9787040589818,计科,2025,第8版
9787040589818,计科,2025,第8版
9787040589818,计科,2025,第八版
9787040589818,计科（师范）,2025,第八版
9787040589818,计科（师范）,2025,第八版
9787040589818,软工（中外合作）,2025,第八版
9787040588682,软工（中外合作）,2025,第八版
9787040589818,软工（中外合作）,2025,第八版
9787040588682,软工（中外合作）,2025,第八版
9787040384802,自动化（中外合作）,2024,第6版
9787040384802,自动化（中外合作）,2024,第六版
9787040384802,自动化（中外合作）,2024,第六版
9787115422743,网络工程,2024,第1版
9787040516609,计科（师范）,2024,第五版
9787300242620,软工,2024,第五版
9787300242620,软工,2024,第五版
9781292092232,自动化（中外合作）,2025,第5版
9781292092232,自动化（中外合作）,2025,第5版
9781292092232,自动化（中外合作）,2025,第5版
9787030666208,计科,2025,第1版
9787030666208,计科,2025,第1版
9787030666208,计科（师范）,2025,第1版
9787300242620,软工（中外合作）,2025,第五版
9787300242620,软工（中外合作）,2025,第五版
9787111115014,软工（中外合作）,2024,英文版
9787111115014,软工（中外合作）,2024,英文版
9787111135104,软工（中外合作）,2025,第2版
9787111135104,软工（中外合作）,2025,第2版
9781292025766,自动化（中外合作）,2024,4th edition
9780321541406,自动化（中外合作）,2024,4th edition
9787040610406,计科,2025,第一版
9787040610406,计科,2025,第1版
9787040610406,计科,2025,第1版
9780071311168,计科（中外合作）,2025,1st Edition
9780071311168,计科（中外合作）,2025,1st Edition
9787111740667,计科,2025,第三版
9787111740667,计科,2025,第3版
9787030666208,软工,2025,第1版
9787030666208,软工,2025,第1版
9780071311168,自动化（中外合作）,2025,1st Edition
9780071311168,自动化（中外合作）,2025,1st Edition
9780071311168,自动化（中外合作）,2025,1st Edition
9787040591255,智慧农业班,2024,第六版
9787111657620,计科（中外合作）,2024,第10版
9787111739166,计科（师范）,2025,第二版
9787111739166,计科（师范）,2025,第二版
9787111558491,计科（师范）,2025,第二版
9787111558491,计科（师范）,2025,第二版
9787040587210,本科预科,2025,第3版
9787040587210,本科预科,2025,第3版
9787040587210,本科预科,2025,第3版
9787040587210,本科预科,2025,第3版
9787111712367,计科,2023,原书第8版
9787302530213,计科,2023,第三版
9787111712367,计科,2023,原书第8版
9787111712367,软工,2024,第8版 中文版
9787111599715,软工,2024,原书第7版
9787111599715,软工,2024,原书第7版
9781118871645,软工（中外合作）,2025,1
9781118871645,软工（中外合作）,2025,1
9787115508232,计科（中外合作）,2023,第一版
9787115508232,计科（中外合作）,2023,第一版
9787115508232,计科（中外合作）,2023,第一版
9787301248775,计科（师范）,2023,第二版
9787301248775,计科（师范）,2023,第二版
9787040617313,计科（师范）,2023,1
9787115600820,计科（师范）,2022,1
9787302597308,计科（师范）,2022,第1版
9787302597308,计科（师范）,2022,第1版
9787115598103,计科（师范）,2022,4
9787115598103,计科（师范）,2022,4
9780135369616,自动化（中外合作）,2023,最新版
9780135369616,自动化（中外合作）,2023,最新版
9780135369616,自动化（中外合作）,2023,最新版
9787111377849,网络工程,2023,第1版
9787111377849,网络工程,2023,第1版
9787040622096,软工（中外合作）,2024,1
9787040622096,软工（中外合作）,2024,1
9787040591255,网络工程,2023,第6版
9787115228406,网络工程,2023,第3版
9787111350521,网络工程,2023,第1版
9787302247890,网络工程,2023,第1版
9780071221351,自动化（中外合作）,2024,Forth Edition
9780071221351,自动化（中外合作）,2024,Forth Edition
9781292040608,自动化（中外合作）,2023,Fourth Edition
9781292040608,自动化（中外合作）,2023,Fourth Edition
9780081026151,自动化（中外合作）,2023,5th Edition
9787121224409,自动化（中外合作）,2023,5
9787121224409,自动化（中外合作）,2023,第5版
9787302530213,网络工程,2024,第三版
9787302530213,网络工程,2024,第三版
9787302530213,计科,2024,第三版
9787302530213,计科,2024,第三版
9787302530213,计科,2024,第三版
9787302530213,计科,2024,第三版
9787040591255,计科,2024,第6版
9787040591255,计科,2024,第6版
9787040591255,计科,2024,第六版
9787302507222,软工,2025,3
9787302507222,软工,2025,3
9787302507222,软工,2025,3
9787040591255,软工,2024,第6版
9787040591255,软工,2024,第6版
9787302023685,计科,2024,2021年1月第三版
9787302023685,计科,2024,2021年1月第三版
9787302023685,计科,2024,第一版
9787115651259,计科（中外合作）,2024,2024年8月第3版
9787115651259,计科（中外合作）,2024,2024年8月第3版
9787302023685,计科（中外合作）,2024,第一版
9787302023685,计科（中外合作）,2024,第一版
9787121315831,计科,2024,第3版
9787121315831,计科,2024,第3版
9787040622096,软工,2024,第一版
9787040622096,软工,2024,第一版
9787040622096,软工,2024,第一版
9787302023685,计科（师范）,2024,第一版
9787040591255,计科（师范）,2024,第六版
9787040591255,计科（师范）,2024,第六版
9787302147510,网络工程,2024,第一版
9787030666208,计科（中外合作）,2025,第1版
9787030666208,计科（中外合作）,2025,第1版
9787030666208,计科（中外合作）,2025,第1版
9780387978949,自动化（中外合作）,2024,four edition
9781119236375,自动化（中外合作）,2024,1st Edition
9780387978949,自动化（中外合作）,2024,four edition
9781119236375,自动化（中外合作）,2024,1st Edition
9781259072772,自动化（中外合作）,2024,英文版.原书第9版
9781259072772,自动化（中外合作）,2024,英文版.原书第9版
9787302575443,计科（师范）,2024,第6版
9787302606338,计科（师范）,2022,2
9787302606338,计科（师范）,2022,2
9787302663386,计科（师范）,2022,2
9787302663386,计科（师范）,2022,2
9787302598503,计科（师范）,2022,2022年版
9787302598503,计科（师范）,2022,2022年版
9787302659556,计科（师范）,2022,1
9787302659556,计科（师范）,2022,1
9787302662747,计科（师范）,2022,1
9787302662747,计科（师范）,2022,1
9787118022070,计科,2023,3
9787118022070,计科,2023,3
9787118022070,计科,2023,3
9787030732385,软工（中外合作）,2023,2022 第一版
9787030732385,软工（中外合作）,2023,2022 第一版
9787115600820,计科（师范）,2022,1
9787302678717,计科（师范）,2022,1
9787302678717,计科（师范）,2022,1
9787115600820,计科（师范）,2022,1
9787302597308,计科（师范）,2022,1
9787302511830,计科（师范）,2023,1
9787302530213,计科（中外合作）,2024,第四版
9787302530213,计科（中外合作）,2024,第四版
9787302530213,计科（中外合作）,2023,第4版
9787302530213,计科（中外合作）,2023,第4版
9787121314025,软工（中外合作）,2024,原书第六版
9787121314025,软工（中外合作）,2024,原书第六版
9787040548525,网络工程,2023,第2版
9787040548525,网络工程,2023,第2版
9787122446183,软工,2025,2024年第一版
9787122446183,计科,2025,2024年第一版
9787122446183,软工,2025,2024年第一版
9787302623816,计科,2023,3
9787302551508,自动化（中外合作）,2023,第2版
9787302551508,自动化（中外合作）,2023,第2版
9787302330981,计科（中外合作）,2023,第6版
9787302330981,计科（中外合作）,2023,第6版
9787302330981,计科,2023,第6版
9787302330981,计科,2023,第6版
9787115632708,计科（师范）,2023,第一版
9787115632708,计科（师范）,2023,第一版
9787040617313,计科（师范）,2023,1
9787302524670,计科（中外合作）,2025,2
9787302524670,计科（中外合作）,2025,2
9787302524670,计科,2025,2
9787302524670,计科,2025,2
9787302446453,软工（中外合作）,2024,第4版
9787302446453,软工（中外合作）,2024,第4版
9787040638547,软工,2023,第一版
9787302554592,软工,2023,无
9787302554592,软工,2023,无
9787115598110,软工（中外合作）,2023,第4版
9787115598110,软工（中外合作）,2023,第4版
9787115598110,软工（中外合作）,2023,第4版
9787115472588,软工,2023,第四版
9787115472588,软工,2023,第四版
9787111557456,网络工程,2023,第1版
9783540705345,自动化（中外合作）,2023,3rd Edition
9789811608032,自动化（中外合作）,2023,Fourth Edition
9787302245469,计科（中外合作）,2024,7
9787302245469,计科（中外合作）,2024,7
9787302433835,计科（中外合作）,2024,第九版
9787302433835,计科（中外合作）,2024,第九版
9787302433835,计科（中外合作）,2024,第九版
9787302663409,计科（师范）,2024,第2版
9781265263218,计科（中外合作）,2025,4th Edition
9781265263213,计科（中外合作）,2025,2023
9787040492453,网络工程,2023,第一版
9787115524393,计科（中外合作）,2023,1
9787115524393,计科（中外合作）,2023,第1版
9787121344398,软工（中外合作）,2023,第5版
9787302533757,软工,2025,第2版
9787302533757,软工,2025,第2版
9787302533757,软工,2025,第二版
9787302533757,软工,2025,第二版
9787040601343,经济学类,2024,第七版
9787040516524,经济学类,2024,第六版
9787040516524,经济学类,2024,第六版
9787040516524,经济学类,2024,第六版
9787040516524,经济学类,2024,第六版
9787040616255,经济学类,2024,第二版
9787040522105,经济学类,2024,第二版
9787040522105,经济学类,2024,第二版
9787040522105,经济学类,2024,第二版
9787040616255,经济学类,2024,第二版
9787040522105,经济学类,2024,第二版
9787040522105,经济学类,2024,第二版
9787040616255,经济学类,2024,第二版
9787010233550,工商类,2025,第二版
9787010233550,工商类,2025,第二版
9787010233550,工商类,2025,第二版
9787010233550,工商类,2025,第二版
9787010233550,工商类,2025,第二版
9787010233550,工商类,2025,第二版
9787010233550,工商类,2025,第二版
9787010233550,工商类,2025,第二版
9787010233550,工商类,2025,第二版
9787010233550,经济学类,2025,第二版
9787010233550,经济学类,2025,第二版
9787010233550,经济学类,2025,第二版
9787010233550,经济学类,2025,第二版
9787010233550,经济学类,2025,第二版
9787010233550,经济学类,2025,第二版
9787010233550,经济学类,2025,第二版
9787010233550,农林经济,2025,第二版
9787010233550,农林经济,2025,第二版
9787040525533,工商类,2025,第二版
9787040525533,工商类,2025,第二版
9787040525533,工商类,2025,第二版
9787040525533,工商类,2025,第二版
9787040525533,工商类,2025,第二版
9787040525533,工商类,2025,第二版
9787040525533,工商类,2025,第二版
9787040525533,工商类,2025,第二版
9787040525533,经济学类,2025,第二版
9787040525533,经济学类,2025,2022年第二版
9787040526417,经济学类,2025,第二版
9787040525533,经济学类,2025,第二版
9787040525533,经济学类,2025,第二版
9787040525533,经济学类,2025,第二版
9787040525533,经济学类,2025,2022年第二版
9787040525533,农林经济,2025,第二版
9787040525533,农林经济,2025,第二版
9787040525533,农林经济,2025,第2版
9787040525533,工商类,2025,第二版
9787300326948,农林经济,2024,第六版（精编版）
9787300326948,农林经济,2024,第六版（精编版）
9787300300016,工商类,2024,第2版
9787300300016,工商类,2024,第2版
9787300300016,工商类,2024,2022年1月第2版
9787300300016,工商类,2024,2022年1月第2版
9787300300016,工商类,2024,第2版
9787300300016,工商类,2024,第二版
9787300300016,工商类,2024,第2版
9787300300016,工商类,2024,第2版
9787040522297,工商类,2024,第五版
9787040522297,工商类,2024,第五版
9787040522297,工商类,2024,第五版
9787040398984,工商类,2024,第五版
9787040398984,工商类,2024,第五版
9787040522297,工商类,2024,第五版
9787040522297,工商类,2024,第五版
9787040522297,工商类,2024,第5版
9787040522297,工商类,2024,第5版
9787040522297,工商类,2024,第五版
9787040522297,工商类,2024,第五版
9787040522297,经济学类,2024,第五版
9787040522297,经济学类,2024,第五版
9787040522297,经济学类,2024,第五版
9787040522297,经济学类,2024,第五版
9787040522297,经济学类,2024,第五版
9787040522297,经济学类,2024,第五版
9787040522297,农林经济,2024,第五版
9787040522297,农林经济,2024,第5版
9787030705648,经济学类,2025,第2版
9787109315051,农林经济,2023,第五版
9787109315051,农林经济,2023,第五版
9787565431951,金融学,2023,第5版
9787300278155,金融学,2023,5
9787300278155,金融学,2023,5
9787040567311,金融学,2023,第五版
9787040567311,金融学,2023,第五版
9787300304762,人资管理,2023,第6版
9787300304762,人资管理,2023,第6版
9787300327990,工商管理,2023,第十版
9787300327990,工商管理,2023,第十版
9787040527230,工商管理,2023,第五版
9787040527230,工商管理,2023,第五版
9787040527230,工商管理,2023,第五版
9787040522068,工商管理,2023,第一版
9787040522068,工商管理,2023,第一版
9787111657699,工商管理,2023,第五版
9787111762003,工商管理,2023,第6版
9787565452451,工商类,2024,第8版
9787565452451,工商类,2024,第8版
9787565452451,工商类,2024,第八版
9787565442285,工商类,2024,第八版
9787565452451,工商类,2024,第8版
9787565452963,工商类,2024,第8版
9787565452451,工商类,2024,第八版
9787565452451,工商类,2024,第八版
9787565442285,工商类,2024,第七版
9787565452451,工商类,2024,第8版
9787565452451,工商类,2024,第8版
9787565431951,工商类,2024,第7版
9787569714685,会计学,2023,第1版
9787569714685,会计学,2023,第1版
9787569714685,会计学,2023,第1版
9787111754916,人资管理,2023,第五版
9787111754916,人资管理,2023,第五版
9787040522068,人资管理,2023,第一版
9787040522068,人资管理,2023,第一版
9787300282213,金融学,2023,英文版第17版
9787300282213,金融学,2023,英文版第17版
9787300282213,金融学,2023,英文版第17版
9787301247877,经济学,2023,第八版
9787301247877,经济学,2023,第八版
9787569719314,农林经济,2022,第一版
9787040626308,旅游管理班,2023,第三版
9787040608311,旅游管理班,2023,第五版
9787040608311,旅游管理班,2023,第五版
9787310051021,旅游管理班,2023,第3版
9787568037402,旅游管理班,2022,2020年第1版
9787300290614,农林经济,2023,1
9787300290614,农林经济,2023,第三版
9787300290614,农林经济,2023,1
9787040522129,农林经济,2024,第一版
9787040522129,农林经济,2024,第一版
9787301317723,经济学,2023,第1版
9787301317723,经济学,2023,第1版
9787300310688,农林经济,2024,第三版
9787300270258,农林经济,2024,第三版
9787040508888,农林经济,2024,第1版
9787040508888,农林经济,2024,第1版
9787030429599,农林经济,2024,004011
9787030429599,农林经济,2024,004011
9787109272149,农林经济,2023,第三版
9787109272149,农林经济,2023,第三版
9787301261903,旅游管理班,2023,第1版
9787310037513,旅游管理班,2023,第二版
9787300310688,植保,2023,第三版
9787300310688,植保,2023,第三版
9787040340228,旅游管理班,2023,第三版
9787300310787,金融学,2023,第6版
9787300310787,金融学,2023,第6版
9787300310787,经济学,2023,第6版
9787565455605,工商管理,2023,第五版
9787565455605,工商管理,2023,第五版
9787040601343,会计学,2023,第七版
9787040601343,会计学,2023,第七版
9787040601343,会计学,2023,第七版
9787040601343,会计学,2023,第七版
9787509667279,工商管理、人资管理,2022,第二版
9787509667279,工商管理、人资管理,2022,第二版
9787302582977,工商管理、会计学、人力资源,2022,第4版
9787300287676,人资管理,2023,第五版
9787300287676,人资管理,2023,第五版
9787300287676,人资管理,2023,第五版
9787300271521,工商管理,2023,最新
9787300320588,人资管理,2023,1
9787040510713,人资管理,2023,第一版
9787040510713,人资管理,2023,第一版
9787568060288,经济学,2023,第六版
9787568060288,经济学,2023,第六版
9787111551218,工商管理,2023,第二版
9787300289373,工商管理,2023,9787300289373
9787300333489,会计学,2023,第7版
9787300333489,会计学,2023,第7版
9787564241452,会计学,2023,2023年3月第4版
9787564241452,会计学,2023,2023年3月第4版
9787111690665,人力资源、工商管理,2022,第二版
9787522024462,金融学,2023,第六版
9787522024462,金融学,2023,第六版
9787522024462,金融学,2023,第六版
9787111608516,金融学,2022,第二版
9787111611349,人资管理,2023,第12版
9787111611349,人资管理,2023,第12版
9787300324111,人资管理,2023,原书第六版
9787030385680,工商类,2025,最新
9787565452352,工商类,2024,第8版
9787565452352,经济学类,2024,第8版
9787565452352,经济学类,2024,第8版
9787565452352,经济学类,2024,第8版
9787565452352,经济学类,2024,第八版
9787565443022,经济学类,2024,第八版
9787565442285,经济学类,2024,第七版
9787565452352,经济学类,2024,第8版
9787040566055,工商类,2024,第三版
9787040566055,工商类,2024,第三版
9787040566055,工商类,2024,第三版
9787040566055,工商类,2024,第三版
9787040566055,工商类,2024,第三版
9787040566055,经济学类,2025,第三版
9787040566055,经济学类,2025,第三版
9787040566055,经济学类,2025,第三版
9787301307229,工商管理,2023,第四版
9787301307229,工商管理,2023,第四版
9787111769675,工商管理,2023,第4版
9787040522792,会计学,2023,第七版
9787040522792,人资管理,2023,第七版
9787309128161,金融学,2023,第四版
9787300317922,会计学,2023,第二版
9787300317922,会计学,2023,第二版
9787300317922,会计学,2023,第二版
9787300317922,会计学,2023,第二版
9787300303840,会计学,2023,第3版
9787300303840,会计学,2023,第3版
9787300303840,会计学,2023,第三版
9787300303840,会计学,2023,第三版
9787111754916,会计学,2023,第五版
9787040527230,金融学,2023,第五版
9787040527230,金融学,2023,第五版
9787111764885,金融学,2023,第三版
9787543232877,经济学,2023,2022年第1版
9787543232877,经济学,2023,2022年第1版
9787300327990,农林经济,2023,第十版
9787300319247,会计学,2023,第七版
9787300319247,会计学,2023,第七版
9787300319247,会计学,2023,第七版
9787300330181,会计学,2023,14
9787300330181,会计学,2023,14
9787300330181,会计学,2023,14
9787040627862,金融学,2023,第六版
9787040627862,金融学,2023,第六版
9787040627862,金融学,2023,第六版
9787300304465,金融学,2023,第1版
9787300327440,金融学,2023,第四版
9787040588958,经济学,2023,第三版
9787040550986,金融学,2023,第一版
9787111733133,经济学,2023,2023年第一版
9787040622942,经济学类,2024,第三版
9787040622942,经济学类,2024,第三版
9787040622942,会计学,2023,第三版
9787040471700,农林经济,2023,第2版
9787040471700,农林经济,2023,第2版
9787111764885,经济学,2023,第三版
9787302643814,会计学,2023,1
9787302643814,会计学,2023,1
9787302643814,会计学,2023,1
9787302643814,会计学,2023,1
9787040490596,经济学,2023,第3版
9787300282213,经济学,2023,英文版第17版
9787121284229,经济学,2023,第3版
9787121284229,经济学,2023,第3版
9787302589471,农林经济,2023,第三版
9787302589471,农林经济,2023,第三版
9787302589471,农林经济,2023,第三版
9787300278148,经济学,2023,第三版
9787109233638,农林经济,2023,2017年10月第一版
9787109233638,农林经济,2023,2017年10月第一版
9787109233638,农林经济,2023,2017年10月第一版
9787030705648,经济学,2023,第2版
9787030705648,经济学,2023,第2版
9787040548556,农林经济,2023,第五版
9787040548556,农林经济,2023,第五版
9787040616187,农林经济,2023,第2版
9787040616187,农林经济,2023,第2版
9787040616187,农林经济,2023,第2版
9787030705648,金融学,2023,第2版
9787111705482,工商管理,2023,第4版
9787030517760,金融学,2023,第一版
9787040599237,农林经济,2023,第1版
9787040599237,农林经济,2023,第1版
9787040501117,历史（师范）,2025,第二版
9787040501117,历史（师范）,2025,第二版
9787040501117,历史（师范）,2025,第二版
9787040501117,历史（师范）,2025,第二版
9787040501117,历史（师范）,2025,第二版
9787040501117,历史（师范）,2025,第二版
9787040288216,历史学班,2025,第二版
9787040288216,民族学班,2025,第二版
9787040501117,历史学班,2025,第二版
9787040501124,历史学班,2025,第二版
9787040508895,历史学班,2025,第一版
9787040508895,历史学班,2025,第一版
9787040296044,历史学班,2025,第二版
9787040296044,民族学班,2025,第二版
9787040340938,历史（师范）,2025,2013年第1版
9787040340938,历史（师范）,2025,2013年第1版
9787040340938,历史（师范）,2025,2013年第1版
9787040340938,历史（师范）,2025,2013年3月第1版
9787040340938,历史（师范）,2025,2013年3月第1版
9787040222906,历史（师范）,2024,179153
9787040222906,历史（师范）,2024,179153
9787040222906,历史（师范）,2024,179153
9787040222906,历史（师范）,2024,179153
9787040222906,历史（师范）,2024,179153
9787040526547,历史（师范）,2024,2020年版
9787040526547,历史（师范）,2024,2020年版
9787040526547,历史（师范）,2024,2020年版
9787040532708,历史学班,2023,第二版
9787100209397,历史（师范）,2025,第三版
9787100209397,历史（师范）,2025,第三版
9787100209397,历史（师范）,2025,第三版修订版
9787100209397,历史（师范）,2025,第三版修订版
9787100083591,历史学班,2023,第三版
9787040535354,历史（师范）,2025,3
9787040535354,历史（师范）,2025,3
9787040535354,历史（师范）,2025,3
9787040535354,历史（师范）,2025,3
9787040534344,历史（师范）,2025,第三版
9787040508833,历史学班,2024,2019年1月第1版
9787040534344,历史学班,2024,2020年第3版
9787300305394,民族学班,2023,2022年第六版
9787040617009,民族学班,2024,2023年版
9787040508826,历史（师范）,2023,2019年第1版
9787040508826,历史（师范）,2023,2019年第1版
9787040508826,历史（师范）,2023,2019年1月第1版
9787040508826,历史（师范）,2023,2019年1月第1版
9787810567640,民族学班,2024,第一版
9787310038398,民族学班,2024,第一版
9787040508833,历史（师范）,2024,2019年1月第1版
9787040508833,历史（师范）,2024,2019年1月第1版
9787040508826,历史（师范）,2024,2019年第1版
9787040508826,历史（师范）,2024,2019年第1版
9787040199659,历史学班,2024,修订版
9787040199659,历史（师范）,2024,修订版
9787562196747,民族学班,2023,014636
9787562196747,民族学班,2023,014636
9787030653437,24级神农班,,第二版
9787030653437,生物育种,2024,第二版
9787030653437,园艺,2024,第二版
9787030653437,园艺,2024,第二版
9787030653437,植保,2024,第二版
9787030653437,植保,2024,第二版
9787030653437,植保,2024,第二版
9787030653437,茶学,2024,2020年版
9787030653437,茶学,2024,2020年版
9787569709506,茶学,2024,2021版
9787569709506,茶学,2024,2021版
9787030653437,农学,2024,第二版
9787030653437,隆平实验班、农学,2024,2020年版
9787030569301,植科（中外合作）,2024,无
9787030569301,植科（中外合作）,2024,无
9787030569301,植科（中外合作）,2024,无
9787030569301,植科（中外合作）,2024,无
9787040420630,植科（中外合作）,2024,第1版
9787040420630,植科（中外合作）,2024,第1版
9787569709506,24级神农班,,第二版
9787569709506,24级神农班,,第二版
9787569709506,农学,2024,第2版
9787569709506,农学,2024,第2版
9787569709506,农学,2024,第二版
9787109129641,隆平实验班,2024,第二版
9787109129641,隆平实验班,2024,第二版
9787569709506,隆平实验班,2024,2021.07
9787569709506,隆平实验班,2024,1
9787569709506,隆平实验班,2024,1
9787569709506,隆平实验班,2024,2021版
9787569709506,隆平实验班,2024,2021版
9787569709506,植科（中外合作）,2024,第2版
9787569709506,植科（中外合作）,2024,第2版
9787109129641,植科（中外合作）,2024,第二版
9787569709506,植科（中外合作）,2024,2021.07
9787569709506,植科（中外合作）,2024,1
9787569709506,植科（中外合作）,2024,2021版
9787569709506,植科（中外合作）,2024,第二版
9787569709506,生物育种,2024,978-7-5697-0950-6
9787569709506,生物育种,2024,第二版
9787569709506,园艺,2024,2021版
9787569709506,园艺,2024,2021版
9787569709506,园艺,2024,2021版
9787569709506,园艺,2024,2021版
9787569709506,植保,2024,第二版
9787569709506,植保,2024,1
9787569709506,植保,2024,第二版
9787569709506,植保,2024,第二版
9787569709506,植保,2024,第2版
9787569709506,植保,2024,2021版
9787569709506,茶学,2024,第2版
9787569709506,茶学,2024,第二版
9787517083894,植科（中外合作）,2024,第三版
9787517083894,植科（中外合作）,2024,第三版
9787517083894,植科（中外合作）,2024,第三版
9787517083894,植科（中外合作）,2024,第三版
9787040291308,植科（中外合作）,2024,第二版
9787040291308,植科（中外合作）,2024,第二版
9787040291308,植科（中外合作）,2024,第二版
9787030701213,农学,2023,第三版
9787030701213,农学,2023,第三版
9787030701213,农学,2023,第三版
9787030701213,隆平实验班,2023,第三版
9787109241398,植科（中外合作）,2023,第三版
9787109241398,植科（中外合作）,2023,第三版
9787030443359,农学,2023,2017年第二次印刷
9787030443359,农学,2023,2017年第二次印刷
9787030443359,农学,2023,2017年第二次印刷
9787030443359,农学,2023,2017年第二次印刷
9787030443359,隆平实验班,2023,2017年第二次印刷
9787109297371,农学,2023,ISBN 978-7-109-29737-1
9787109297371,农学,2023,ISBN 978-7-109-29737-1
9787109297371,农学,2023,ISBN 978-7-109-29737-1
9787109297371,农学,2023,ISBN 978-7-109-29737-1
9787109297371,隆平实验班,2023,ISBN 978-7-109-29737-1
9787030653901,植科（中外合作）,2023,2020第一版
9787109297371,植科（中外合作）,2023,第一版
9787030653901,植科（中外合作）,2023,2020第一版
9787109297371,植科（中外合作）,2023,第一版
9787030653901,植科（中外合作）,2023,2020第一版
9787109297371,植科（中外合作）,2023,第一版
9787030653901,植科（中外合作）,2023,2020第一版
9787109297371,植科（中外合作）,2023,第一版
9787109275904,农学,2024,原书第五版
9787109275904,农学,2024,第五版
9787109275904,农学,2024,原书第五版
9787109275904,农学,2024,第五版
9787109275904,隆平实验班,2024,第五版
9787109229525,生物育种,2024,2017年5月第1版
9787305252273,生物育种,2024,2022年第一版
9787305252273,生物育种,2024,2022年第一版
9787030364435,农学,2024,2013年第3版
9787030364435,农学,2024,2013年第3版
9787030264435,农学,2024,010039
9787030264435,隆平实验班,2024,010039
9787109297371,农学,2024,ISBN 978-7-109-29737-1
9787109297371,农学,2024,ISBN 978-7-109-29737-1
9787109297371,农学,2024,ISBN 978-7-109-29737-1
9787109297371,农学,2024,ISBN 978-7-109-29737-1
9787109297371,农学,2024,ISBN 978-7-109-29737-1
9787109297371,隆平实验班,2024,ISBN 978-7-109-29737-1
9787109297371,隆平实验班,2024,ISBN 978-7-109-29737-1
9787109269927,农学,2023,2020年第3版
9787109269927,农学,2023,2020年第3版
9787109269927,农学,2023,2020年第3版
9787109269927,隆平实验班,2023,2020年第3版
9787030752307,农学,2023,第一版
9787109097971,农学,2023,第二版
9787109158719,农学,2023,第二版
9787030752307,农学,2023,第一版
9787109097971,农学,2023,第二版
9787109158719,农学,2023,第二版
9787030752307,农学,2023,第一版
9787109097971,农学,2023,第二版
9787109158719,农学,2023,第二版
9787030752307,隆平实验班,2023,第一版
9787109097971,隆平实验班,2023,第二版
9787109158719,隆平实验班,2023,第二版
9787030752307,农学,2023,第一版
9787030752307,农学,2023,第一版
9787030752307,农学,2023,第一版
9787030752307,隆平实验班,2023,第一版
9780000000002,植科（中外合作）,2023,无
9780000000002,植科（中外合作）,2023,无
9787565522512,植科（中外合作）,2023,第2版
9787565522512,植科（中外合作）,2023,第2版
9787565522512,植科（中外合作）,2023,第2版
9787565522512,植科（中外合作）,2023,第2版
9787030701213,植科（中外合作）,2023,第三版
9787030701213,植科（中外合作）,2023,第三版
9787030701213,植科（中外合作）,2023,第三版
9787030701213,植科（中外合作）,2023,第三版
9787030701213,植科（中外合作）,2023,第三版
9787040317930,生物育种,2023,第2版
9787040317930,生物育种,2023,第二版
9787109297890,生物育种,2023,第一版
9787109297890,生物育种,2023,第一版
9780000000002,生物育种,2023,无
9787565522512,生物育种,2023,第2版
9787565522512,生物育种,2023,第2版
9780000000002,农学,2023,无
9780000000002,隆平实验班、农学,2023,无
9787030378552,园艺,2024,2013年6月第二版
9787030378552,农学,2024,第二版
9787030378552,隆平实验班、农学,2024,第二版
9787030378552,生物育种,2024,第二版
9787109261921,智慧农业班,2024,第三版
9787109261921,智慧农业班,2024,第三版
9787565528552,农学,2023,9787565528552
9787565528552,隆平实验班、农学,2023,9787565528552
9787030341419,隆平实验班、农学,2023,2012年第1版
9787122404701,农学,2024,第三版
9787122404701,隆平实验班、农学,2024,第三版
9787122404701,植科（中外合作）,2023,第三版
9787122404701,植科（中外合作）,2023,第三版
9787030653901,农学,2023,1
9787030653901,隆平实验班、农学,2023,1
9787040521979,农学,2024,第四版
9787040521979,隆平实验班、农学,2024,第四版
9787040521979,生物育种,2024,第四版
9787030753069,农学,2023,第三版
9787030753069,农学,2023,第三版
9787030753069,隆平实验班、农学,2023,第三版
9787109171961,园林,2024,第二版
9787109171961,园林,2024,第二版
9787569701289,农学,2023,第二版
9787569701289,隆平实验班、农学,2023,第2版
9787511616531,隆平实验班、农学,2022,第一版
9787040599237,生物育种,2024,第1版
9787040599237,农学,2023,1
9787040599237,隆平实验班、农学,2023,1
9787040599237,植科（中外合作）,2023,第1版
9787040599237,植科（中外合作）,2023,第1版
9787040599404,生物育种,2023,第二版
9787561562321,市场营销,2023,2016第一版
9787561562321,市场营销,2023,2016第一版
9787561562321,市场营销,2023,2016第一版
9787040525540,管理科学与工程类,2024,第二版
9787040525540,管理科学与工程类,2024,第二版
9787040525540,管理科学与工程类,2024,第二版
9787040526417,国贸,2024,第二版
9787040525540,市场营销,2024,第二版
9787040525540,市场营销,2024,第二版
9787302481256,管理科学与工程类,2024,第5版
9787302481256,管理科学与工程类,2024,第5版
9787302481256,管理科学与工程类,2024,第5版
9787302481256,物流管理,2024,第5版
9787302481256,物流管理,2024,第5版
9787300288055,国贸,2023,11
9787566321794,国贸,2024,第七版
9787566321794,市场营销,2024,第七版
9787566321794,国贸,2024,第七版
9787566321794,市场营销,2024,第七版
9787566321794,市场营销,2024,第七版
9787111753117,管理科学与工程类,2025,第六版
9787111753117,管理科学与工程类,2025,第六版
9787302572541,大数据管理与应用,2023,第2版
9787302572541,大数据管理与应用,2023,第2版
9787302572541,大数据管理与应用,2023,第2版
9787302572541,大数据管理与应用,2023,第2版
9787040574425,市场营销,2023,1
9787040574425,市场营销,2023,1
9787040574425,市场营销,2023,1
9787040574425,市场营销,2023,1
9787040458329,管理科学与工程类,2025,第一版
9787040458329,管理科学与工程类,2025,第一版
9787040458329,管理科学与工程类,2025,第一版
9787040458329,管理科学与工程类,2025,第一版
9787040506532,管理科学与工程类,2025,1
9787040506532,乡村治理,2025,第1版
9787040458329,乡村治理,2025,第一版
9787040613018,国贸,2023,第二版
9787302481447,管理科学与工程类,2025,第五版
9787302208006,管理科学与工程类,2025,第五版
9787302481447,管理科学与工程类,2025,第五版
9787302208006,管理科学与工程类,2025,第五版
9787302481447,管理科学与工程类,2025,第五版
9787302481447,管理科学与工程类,2025,第五版
9787302629672,乡村治理,2025,2023年第一版
9787302662006,大数据管理与应用,2023,无
9787302662006,大数据管理与应用,2023,无
9787121411748,大数据管理与应用,2023,第八版
9787121411748,大数据管理与应用,2023,第八版
9787121411748,大数据管理与应用,2023,第八版
9787040525540,物流管理,2024,第二版
9787040525540,物流管理,2024,2
9787300293912,大数据管理与应用,2023,第九版
9787300293912,大数据管理与应用,2023,第九版
9787111657491,国贸,2024,第6版
9787111657491,市场营销,2024,第6版
9787111657491,市场营销,2024,第6版
9787040205640,大数据管理与应用,2023,第二版
9787040558463,物流管理,2023,第七版
9787121295126,物流管理,2023,CIP数据核字（2019）第174825号
9787121295126,物流管理,2023,CIP数据核字（2019）第174825号
9787121295126,物流管理,2023,CIP数据核字（2019）第174825号
9787111631521,国贸,2024,第5版
9787302576433,信管,2023,第3版
9787121411748,信管,2023,第八版
9787302662709,信管,2023,第一版
9787121411748,信管,2023,第八版
9787302662709,信管,2023,第一版
9787121411748,信管,2023,第八版
9787302662709,信管,2023,第一版
9787302519133,市场营销,2023,9787302519133
9787302519133,市场营销,2023,1
9787302519133,市场营销,2023,第一版
9787111753353,市场营销,2023,2024年6月第4版第1次印刷
9787111753353,市场营销,2023,2024年6月第4版第1次印刷
9787111753353,市场营销,2023,2024年6月第4版第1次印刷
9787302478447,物流管理,2023,2017年版
9787302480297,物流管理,2023,第一版
9787567566545,管理科学与工程类,2024,第2版
9787567566545,管理科学与工程类,2024,第2版
9787030602237,国贸,2024,第二版
9787030602237,物流管理,2024,第二版
9787030602237,市场营销,2024,第二版
9787030602237,市场营销,2024,第二版
9787302616351,管理科学与工程类,2025,第3版
9787302616351,管理科学与工程类,2025,第3版
9787302616351,管理科学与工程类,2025,第3版
9787300334646,管理科学与工程类,2024,第8版
9787300334646,管理科学与工程类,2024,第8版
9787300334646,国贸,2024,第8版
9787300334646,物流管理,2024,第8版
9787300334646,市场营销,2024,第8版
9787300334646,市场营销,2024,第8版
9787565441929,管理科学与工程类,2024,第七版
9787565441929,管理科学与工程类,2024,第七版
9787565441929,管理科学与工程类,2024,第七版
9787565441929,国贸,2024,第七版
9787565441929,物流管理,2024,第七版
9787565441929,物流管理,2024,第七版
9787565441929,市场营销,2024,第七版
9787565441929,市场营销,2024,第七版
9787111545781,物流管理,2024,第一版
9787111545781,物流管理,2024,第一版
9787115579577,管理科学与工程类,2024,第5版
9787115579577,管理科学与工程类,2024,第5版
9787302551140,国贸,2024,第7版
9787302551140,国贸,2024,第7版
9787562198963,国贸,2024,第1版
9787562198963,国贸,2024,第1版
9787302605140,国贸,2024,2023年第一版
9787300293912,市场营销,2024,第九版
9787300293912,市场营销,2024,第九版
9787111655329,国贸,2023,第3版
9787300285825,国贸,2024,第四版
9787300285825,市场营销,2024,第四版
9787300285825,市场营销,2024,第四版
9787300285825,市场营销,2024,第四版
9787302562535,国贸,2023,第四版
9787302562535,国贸,2023,第四版
9787302562535,国贸,2023,第四版
9787564239107,物流管理,2023,第六版
9787302686446,物流管理,2023,第一版
9787040558463,市场营销,2023,第七版
9787567566545,信管,2023,第2版
9787111671619,信管,2023,第2版
9787115503497,信管,2023,第1版
9787115503497,信管,2023,第1版
9787302598091,信管,2023,无
9787302598091,信管,2023,无
9787563829965,信管,2023,4
9787563829965,信管,2023,4
9787302551140,管理科学与工程类,2024,第7版
9787302551140,管理科学与工程类,2024,第7版
9787562198963,管理科学与工程类,2024,第1版
9787562198963,管理科学与工程类,2024,第1版
9787030602237,国贸,2023,无
9787040558463,国贸,2023,第七版
9787303220533,国贸,2023,2017年3月第2版
9787303220533,国贸,2023,2017年3月第2版
9787807104018,国贸,2023,2007年2月第1版
9787807104018,国贸,2023,2007年2月第1版
9787302659877,大数据管理与应用,2023,无
9787302659877,大数据管理与应用,2023,无
9787111672661,市场营销,2023,4
9787111672661,市场营销,2023,4
9787301331231,市场营销,2023,第4版
9787301331231,市场营销,2023,第4版
9787302629672,市场营销,2025,2023年第一版
9787302629672,市场营销,2025,2023年第一版
9787111611349,物流管理,2023,原书第12版
9787521864953,物流管理,2023,2025
9787576618099,物流管理,2023,第1版
9787040613018,物流管理,2023,第二版
9787302551140,物流管理,2024,第7版
9787562198963,物流管理,2024,第1版
9787302551140,市场营销,2024,第7版
9787302551140,市场营销,2024,第7版
9787562198963,市场营销,2024,第1版
9787562198963,市场营销,2024,第1版
9787040613018,市场营销,2023,第二版
9787040613018,市场营销,2023,第二版
9787111690733,信管,2023,原书第9版
9787040525649,市场营销,2023,第1版
9787302486312,市场营销,2023,2
9787302626848,大数据管理与应用,2023,1
9787115561770,大数据管理与应用,2023,1
9787302647881,食品（百超）创新班、食品科学,2024,第1版
9787560366814,食品（百超）创新班、食品科学,2024,第2版
9787512432024,食品（百超）创新班、食品科学,2024,第2版
9787512432017,食品（百超）创新班、食品科学,2024,第2版
9787302647881,食品科学,2024,第1版
9787560366814,食品科学,2024,第2版
9787512432024,食品科学,2024,第2版
9787512432017,食品科学,2024,第2版
9787030586902,食品（百超）创新班,2024,第一版
9787518409921,食品（百超）创新班,2024,第一版
9787109278639,食品（百超）创新班,2024,第三版
9787040444957,食品（百超）创新班,2024,第8版
9787109201132,食品（百超）创新班,2024,第一版
9787040521979,食品（百超）创新班,2024,第四版
9787030586902,食品科学,2024,第1版
9787040444957,食品科学,2024,第8版
9787040521979,食品科学,2024,第4版
9787030586902,食品科学,2024,第1版
9787040444957,食品科学,2024,第8版
9787040521979,食品科学,2024,第4版
9787030586902,食品科学,2024,第一版
9787109278639,食品质量,2024,第三版
9787030586902,食品质量,2024,第一版
9787518409921,食品质量,2024,第一版
9787040444957,食品质量,2024,第八版
9787109201132,食品质量,2024,2008年第一版
9787040521979,食品质量,2024,第四版
9787109278639,食品质量,2024,第三版
9787030586902,食品质量,2024,第一版
9787518409921,食品质量,2024,第一版
9787040444957,食品质量,2024,第八版
9787109201132,食品质量,2024,2008年第一版
9787040521979,食品质量,2024,第四版
9787109278639,食品质量,2024,第三版
9787518409921,食品质量,2024,第一版
9787030586902,食品质量,2024,第一版
9787109201132,食品质量,2024,2008年第一版
9787040444957,食品质量,2024,第八版
9787040521979,食品质量,2024,第四版
9787109219113,食品质量,2024,第一版
9787109219113,食品质量,2024,第一版
9787109219113,食品质量,2024,第一版
9787030414762,食品质量,2024,第1版
9787518425280,食品质量,2024,第五版
9787518417759,食品质量,2024,第二版
9787030414762,食品质量,2024,第1版
9787518425280,食品质量,2024,第五版
9787518417759,食品质量,2024,第二版
9787030414762,食品质量,2024,第一版
9787518417759,食品质量,2024,第二版
9787518425280,食品质量,2024,第5版
9787109151772,食品质量,2024,第二版
9787109151772,食品质量,2024,第二版
9787109151772,食品质量,2024,第二版
9787109293489,茶学,2023,第5版
9787109083868,茶学,2024,第三版
9787109083868,茶学,2024,第三版
9787565526848,食品质量,2023,第3版
9787565526848,食品质量,2023,第3版
9787565526848,食品质量,2023,第3版
9787565526848,食品（百超）创新班、食品科学,2023,3
9787565526848,食品科学,2023,3
9787030509772,食品质量,2023,第三版
9787030509772,食品质量,2023,第三版
9787030509772,食品质量,2023,第三版
9787569707670,食品质量,2023,第1版
9787569707670,食品质量,2023,第1版
9787569707670,食品质量,2023,第1版
9787518441471,食品质量,2023,第四版
9787518441471,食品质量,2023,第四版
9787518441471,食品质量,2023,第四版
9787569707670,食品质量,2023,第1版
9787030533951,食品质量,2023,第1版
9787040422344,食品质量,2023,第3版
9787569707670,食品质量,2023,第1版
9787030533951,食品质量,2023,第1版
9787040422344,食品质量,2023,第3版
9787569707670,食品质量,2023,第1版
9787030533951,食品质量,2023,第1版
9787040422344,食品质量,2023,第3版
9787109192409,茶学,2023,第二版
9787518400515,茶学,2023,第一版
9787811404043,茶学,2023,第一版
9787109183445,茶学,2023,第二版
9787109212893,茶学,2023,第三版
9787030414762,食品（百超）创新班,2024,第一版
9787518417759,食品（百超）创新班,2024,第二版
9787518425280,食品（百超）创新班,2024,第5版
9787030414762,食品科学,2024,第一版
9787518417759,食品科学,2024,第二版
9787518425280,食品科学,2024,第5版
9787030414762,食品科学,2024,第1版
9787518417759,食品科学,2024,第二版
9787518425280,食品科学,2024,第五版
9787565520280,食品（百超）创新班,2023,第四版
9787109152953,食品（百超）创新班,2023,第二版
9787501980604,食品（百超）创新班,2023,第一版
9787122080165,食品（百超）创新班,2023,第一版
9787565525537,食品（百超）创新班,2023,2021年第一版
9787565520280,食品科学,2023,第四版
9787109152953,食品科学,2023,第二版
9787501980604,食品科学,2023,第一版
9787122080165,食品科学,2023,第一版
9787565525537,食品科学,2023,2021年第一版
9787109152953,食品科学,2023,第二版
9787514202045,包装工程,2023,第4版
9787122240163,包装工程,2023,第三版
9787514201963,包装工程,2023,第二版
9787518432295,包装工程,2023,第一版
9787569727746,包装工程,2023,ISBN978-7-5697-2774-6
9787501997527,包装工程,2024,第二版
9787122125378,包装工程,2024,第三版
9787122375476,包装工程,2024,第一版
9787501968510,包装工程,2024,第一版
9787501976171,包装工程,2024,第四版
9787030635624,食品质量,2023,第二版
9787030635624,食品质量,2023,第二版
9787030635624,食品质量,2023,第二版
9787565524554,食品质量,2023,第2版
9787030333902,食品质量,2023,第1版
9787122226167,茶学,2023,第一版
9787811167757,茶学,2023,第一版
9787030452078,茶学,2024,第2版
9787030711267,茶学,2024,第4版
9787040194982,茶学,2024,第1版
9787040445572,茶学,2024,第3版
9787040556940,茶学,2024,第4版
9787030429537,茶学,2024,第3版
9787656616030,茶学,2023,第三版
9787501994311,食品质量,2022,1
9787109089983,食品质量,2022,1
9787518436033,食品质量,2022,第三版
9787501957460,食品质量,2022,2
9787309064742,食品质量,2022,1
9787501994311,食品质量,2022,1
9787109089983,食品质量,2022,1
9787518436033,食品质量,2022,第三版
9787501957460,食品质量,2022,2
9787309064742,食品质量,2022,1
9787518436033,食品质量,2022,第三版
9787122011398,茶学,2023,2008 第二版
9787122250995,食品质量,2023,第六版
9787564518059,食品质量,2023,第一版
9787565516047,食品质量,2023,第三版
9787122250995,食品质量,2023,第六版
9787564518059,食品质量,2023,第一版
9787565516047,食品质量,2023,第三版
9787565516047,食品质量,2023,第三版
9787564518059,食品质量,2023,第一版
9787109143135,茶学,2023,第二版
9787519231996,茶学,2023,第1版
9787111574064,茶学,2023,第十七版
9787302590132,茶学,2023,第七版
9787300243603,茶学,2023,第十二版
9787521752007,茶学,2023,第16版
9787122226167,食品质量,2023,第一版
9787811167757,食品质量,2023,第一版
9787656616030,食品（百超）创新班、食品科学,2023,第三版
9787656616030,食品科学,2023,第三版
9787531461951,包装工程,2024,第一版
9787301257302,包装工程,2024,第二版
9787536697140,包装工程,2024,第一版
9787810197083,包装工程,2024,第一版
9787220111846,包装工程,2024,第一版
9787516633601,包装工程,2024,第一版
9787030586902,包装工程,2024,第一版
9787109151772,包装工程,2024,第二版
9787109151772,包装工程,2024,第二版
9787109152953,食品质量,2023,第二版
9787518442522,食品质量,2023,第2版
9787030390196,食品质量,2023,第1版
9787518442522,食品质量,2023,第2版
9787030390196,食品质量,2023,第1版
9787115591081,包装工程,2024,第2版
9787122377425,包装工程,2024,第一版
9787303261833,包装工程,2023,第一版
9787109184770,茶学班,2025,2014年第3版
9787109262768,茶学班,2025,第2版
9787565516078,食科工程类,2025,2
9787109076259,食科工程类,2025,4th Edition
9787565516078,食科工程类,2025,2
9787109076259,食科工程类,2025,4th Edition
9787565516078,食科工程类,2025,2
9787109076259,食科工程类,2025,4th Edition
9787565516078,食科工程类,2025,2
9787109076259,食科工程类,2025,4th Edition
9787030463135,食品（百超）创新班、食品科学,2023,2016年第1版
9787030463135,食品科学,2023,2016年第1版
9787117171298,食品质量,2024,第8版
9787117171298,食品质量,2024,第8版
9787518427833,食品（百超）创新班、食品科学,2024,第一版
9787536461925,食品（百超）创新班、食品科学,2024,2007年第一版
9787109294134,食品（百超）创新班、食品科学,2023,第1版
9787564504526,食品（百超）创新班、食品科学,2023,无
9787564504526,食品科学,2023,无
9787501959563,食品质量,2024,第一版
9787501959563,食品质量,2024,第一版
9787501959563,食品质量,2024,第一版
9787122393708,食品质量,2022,1
9787565523038,食品质量,2023,1
9787122206541,食品质量,2023,第3版
9787565502668,食品质量,2023,第3版
9787564335021,包装工程,2023,第一版本
9787567408050,包装工程,2023,第一版本
9787518413690,茶学,2023,第1版
9787030631817,茶学,2023,第5版
9787040288735,茶学,2023,第1版
9787501997527,包装工程,2024,第二版
9787122320827,包装工程,2024,第一版
9787030640116,包装工程,2024,第3版
9787122450609,包装工程,2024,第一版
9787302654667,包装工程,2024,第一版
9787109184770,茶学,2024,2014年第3版
9787518422081,茶学,2024,第1版
9787562140337,茶学,2024,第一版
9787030509772,茶学,2024,第一版
9787511708786,茶学,2024,第一版
9787565520280,食品（百超）创新班,2023,第四版
9787109152953,食品（百超）创新班,2023,第二版
9787111434689,食品（百超）创新班,2023,2013年第1版
9787565520280,食品科学,2023,第四版
9787109152953,食品科学,2023,第二版
9787111434689,食品科学,2023,2013年第1版
9787565520280,食品科学,2023,第四版
9787109152953,食品科学,2023,第二版
9787111434689,食品科学,2023,2013年第1版
9787109184770,茶学班,2025,2014年第3版
9787109262768,茶学班,2025,第2版
9787109184770,茶学班,2025,第三版
9787109219113,食品（百超）创新班,2024,第一版
9787109151772,食品（百超）创新班,2024,第二版
9787109219113,食品科学,2024,第一版
9787109151772,食品科学,2024,第二版
9787109219113,食品科学,2024,第一版
9787109151772,食品科学,2024,第二版
9787109219113,食品科学,2024,第一版
9787109151772,食品科学,2024,第二版
9787569707670,食品（百超）创新班,2023,第1版
9787569707670,食品科学,2023,第1版
9787569707670,食品科学,2023,第1版
9787569707670,食品科学,2023,第1版
9787569707670,食品科学,2023,第1版
9787300111254,新闻学,2024,9787300111254
9787040512908,播音主持,2024,第一版
9787300209586,新闻学,2024,第二版
9787300209586,新闻学,2024,第二版
9787040487930,播音主持,2023,2017年第一版
9787040487930,播音主持,2023,2017年第一版
9787565718496,广电编导,2025,第二版
9787565718496,广电编导,2025,第二版
9787301341827,新闻学,2023,2022年第二版
9787510028205,广电编导,2024,（2010）第188679号
9787510028205,广电编导,2024,（2010）第188679号
9787309124415,广电编导,2024,2022年版
9787040501025,新闻学,2024,第二版
9787302443209,新闻学,2023,第一版
9787565724053,广电编导,2025,第三版
9787565724053,广电编导,2025,第三版
9787040485028,新闻学,2025,第一版
9787565708886,播音主持,2025,无
9787565708886,播音主持,2025,无
9787565708886,播音主持,2025,无
9787565708886,播音主持,2025,无
9787040533675,播音主持,2025,第四版
9787040533675,播音主持,2025,第四版
9787565714771,播音主持,2024,2015年12月第1版
9787565714771,播音主持,2024,2015年12月第1版
9787565714771,播音主持,2024,2015年12月第一版
9787565714771,播音主持,2024,2015年12月第一版
9787565713248,播音主持,2023,2015年10月第1版
9787565713248,播音主持,2023,2015年10月第1版
9787565713248,播音主持,2023,2015年10月第1版
9787565713248,播音主持,2023,2015年10月第1版
9787565729881,播音主持,2024,原书第2版
9787565729881,播音主持,2024,原书第2版
9787565729881,播音主持,2024,原书第2版
9787301344392,新闻学,2023,第六版
9787301344392,新闻学,2023,第六版
9787040539851,新闻学,2024,中国版本图书馆CIP数据核字（2020）第058724号
9787300174075,新闻学,2024,第四版
9787302265948,新闻学,2024,第一版
9787565719608,广电编导,2024,2017年4月第1版
9787562449706,广电编导,2023,修订版
9787300327716,广电编导,2024,2024年第2版
9787504356239,广电编导,2024,9787504356239
9787504356239,广电编导,2024,9787504356239
9787504356239,广电编导,2024,9787504356239
9787501996797,广电编导,2024,第二版
9787040554205,新闻学,2023,第一版
9787040501094,播音主持,2025,第二版
9787507840100,广电编导,2023,2017-8-1
9787300203058,新闻学,2024,2015年第1版
9787569715316,播音主持,2023,2022年6月第1版
9787500943631,播音主持,2023,2012年版
9787504368757,播音主持,2024,2013年4月第二版
9781483379586,播音主持,2024,第四版
9787300306957,播音主持,2023,第七版
9787300306957,播音主持,2023,第七版
9787565711305,播音主持,2023,2
9787810859189,播音主持,2023,第一版
9787565731754,播音主持,2023,第1版
9787565731754,播音主持,2023,第1版
9787565734711,播音主持,2023,第2版
9787576825596,播音主持,2024,2023年10月 第1版
9787030451071,制药工程,2024,第一版
9787030451071,制药工程,2024,第一版
9787030451071,制药工程,2024,第一版
9787030559425,药学远志班,2024,1
9787122387660,制药工程,2025,第一版
9787122326737,制药工程,2025,第二版
9787030550811,药学,2025,2018年第一版
9787030458490,药学,2025,国家级药学实验教材（示范）中心实验系列教材
9787040398991,药学,2025,第4版
9787040398991,药学,2025,第4版
9787122240514,制药工程,2025,第一版
9787122240514,制药工程,2025,第一版
9787117350303,药学,2024,第5版
9787117350303,药学,2024,第5版
9787561850466,制药工程,2025,第一版
9787030801180,药学,2025,第二版
9787030550811,药学（中外合作）,2025,2018年第一版
9787030550811,药学（中外合作）,2025,2018年第一版
9787030453518,制药工程,2022,第一版
9787030453518,制药工程,2022,第一版
9787117332910,药学,2024,第九版
9787117332910,药学,2024,第九版
9787117220279,药学,2024,第八版
9787117220279,药学,2024,第八版
9787565906026,药学远志班,2024,第五版
9787030458452,药学,2024,2005年第一版
9787030458452,药学,2024,2005年第一版
9787122454553,药学,2024,第1版
9787030458452,药学,2024,第一版
9787030458452,药学,2024,第一版
9787122379566,制药工程,2023,第1版
9787122379566,制药工程,2023,第1版
9787122379566,制药工程,2023,第1版
9787030780867,药学,2023,2024年6月第一版
9787030458469,药学,2023,2015年第1版
9787030780867,药学,2023,2024年6月第一版
9787030458469,药学,2023,2015年第1版
9787030780867,药学,2023,2024年6月第一版
9787030458469,药学,2023,2015年第1版
9787030780867,药学,2023,2024年6月第一版
9787030458469,药学,2023,2015年第1版
9787030780867,药学远志班,2023,第1版
9787030458476,药学,2023,9787030458476
9787030458476,药学,2023,9787030458476
9787030458476,药学,2023,9787030458476
9787030458476,药学,2023,9787030458476
9787030458476,药学,2023,9787030458476
9787117347952,药学,2023,2023年第一版
9787117347952,药学,2023,2023年第一版
9787117347952,药学,2023,2023年第一版
9787117347952,药学,2023,2023年第一版
9787117347952,药学,2023,2023年第一版
9787030615510,制药工程,2023,2020年第一版
9787030615510,制药工程,2023,2020年第一版
9787030615510,制药工程,2023,2020年第一版
9787030615510,制药工程,2023,2020年第一版
9787030780867,制药工程,2023,2024年6月第一版
9787030458469,制药工程,2023,2015年第1版
9787030780867,制药工程,2023,2024年6月第一版
9787030458469,制药工程,2023,2015年第1版
9787030780867,制药工程,2023,2024年6月第一版
9787030458469,制药工程,2023,2015年第1版
9787030546098,药学,2023,第1版
9787030546098,药学,2023,第1版
9787030546098,药学,2023,第1版
9787030546098,药学,2023,第1版
9787030751126,药学,2023,第1版
9787030751126,药学,2023,第1版
9787030751126,药学,2023,第1版
9787030751126,药学,2023,第1版
9787030751126,药学,2023,第1版
9787117339131,药学远志班,2023,第9版
9787030751126,制药工程,2023,2023年6月第一版
9787030751126,制药工程,2023,2023年6月第一版
9787030473639,制药工程,2023,2016版
9787030458476,制药工程,2023,2015年第1版
9787030458476,制药工程,2023,2015年第1版
9787030458476,制药工程,2023,2015年第1版
9787122461070,制药工程,2023,第三版
9787122461070,制药工程,2023,第三版
9787122461070,制药工程,2023,第三版
9787117330718,药学,2023,第8版
9787117330718,药学,2023,第8版
9787117330718,药学,2023,第8版
9780912111995,药学远志班,2023,第一版
9787117241526,药学,2023,第3版
9787117241526,药学,2023,第3版
9787117241526,药学,2023,第3版
9787117241526,药学,2023,第3版
9787117241526,药学远志班,2023,第三版
9787117220224,药学、药学远志班、制药工程,2023,第二版
9787030450357,制药工程,2023,第一版
9787117220279,制药工程,2024,第八版
9787547842393,药学、药学远志班,2023,第3版
9787547842393,药学、药学远志班,2023,第3版
9787313259820,制药工程,2024,第八版
9787117331937,制药工程,2023,第八版
9787030458452,制药工程,2024,2005年第一版
9787030458452,制药工程,2024,2005年第一版
9787030458452,制药工程,2024,2005年第一版
9787030458452,制药工程,2024,2005年第一版
9787117220972,药学,2024,第8版
9787117220972,药学,2024,第8版
9781259705212,药学远志班,2024,10th Edition
9787030254658,药学,2024,第1版
9787030254658,药学,2024,第1版
9787030254658,药学,2024,2009年第1版
9787122369413,药学、远志班,2022,2020年第一版
9787513284660,药学、药学远志班,2023,9787513284660
9787569714319,音乐表演,2025,第8版
9787807510703,音乐学班,2025,2010年第一版
9787807510703,音乐表演,2025,2016.2重印
9787806921951,音乐学班,2025,2013.4重印
9787040512908,舞蹈学班,2025,第一版
9787805539508,音乐学班,2024,2022年修订版
9787040512908,音乐表演,2025,第一版
9787040512908,音乐表演,2025,第一版
9787806921951,音乐表演,2024,7806921958
9787807510703,音乐（师范）,2025,2010年第一版
9787807510703,音乐（师范）,2025,2010年第一版
9787103024751,音乐（师范）,2025,02475
9787569714715,音乐学班,2024,第四版
9787569714715,音乐学班,2024,第四版
9787807510703,音乐学班,2024,2010年第一版
9787566008336,舞蹈学班,2024,2014年
9787552313963,舞蹈学班,2024,164612
9787566008336,舞蹈学班,2024,2014年
9787552313963,舞蹈学班,2024,164612
9787562121619,音乐学班,2025,2011年4月第3版
9787103000830,音乐（师范）,2024,97871030
9787103000830,音乐（师范）,2024,97871030
9787103034835,音乐（师范）,2024,034406
9787103034835,音乐（师范）,2024,034406
9787562121619,音乐（师范）,2025,第4版
9787562121619,音乐表演,2025,第4版
9787562121619,音乐（师范）,2025,第4版
9787807510833,音乐学班,2024,978-7-80751-083-3
9787562145745,音乐表演,2023,第一版
9787562145745,音乐表演,2023,第一版
9787562122395,音乐表演,2023,2010年4月第3版
9787552309430,音乐（师范）,2023,第1版
9787301296460,音乐（师范）,2023,第1版
9787562122395,音乐（师范）,2023,第3 版
9787301298480,音乐（师范）,2023,2018年10月 第1版
9787552309430,音乐（师范）,2023,2016年9月 第1版
9787562122395,音乐（师范）,2023,2010年4月 第3版
9787040510683,舞蹈学班,2024,2008年1月1日版
9787040193367,舞蹈学班,2023,2008年1月1日版
9787103031902,音乐（师范）,2024,2008年3月北京第2版
9787103031902,音乐（师范）,2024,2008年3月北京第2版
9787040512908,音乐（师范）,2025,第一版
9787040512908,音乐（师范）,2025,第一版
9787040512908,音乐（师范）,2025,第一版
9787807515180,音乐（师范）,2024,2010年第一版
9787807515180,音乐（师范）,2024,2010年第一版
9787807515180,音乐表演,2024,第一版
9787807516989,音乐（师范）,2023,2010修订版
9787807516989,音乐（师范）,2023,2010修订版
9787807516989,音乐（师范）,2023,2010修订版
9787300047515,音乐（师范）,2023,9787552309621
9787552309621,音乐学班,2023,2016年第一版
9787300047515,音乐（师范）,2022,2016版
9787103038901,音乐学班,2022,2011年版
9787103038901,音乐学班,2022,2011年版
9787562145745,音乐学班,2022,V4
9787562145745,音乐学班,2022,V4
9787810963763,音乐表演,2023,237983
9787552313963,舞蹈学班,2023,2017年版
9787552313963,舞蹈学班,2023,2017年版
9787103031902,音乐（师范）,2023,2008年3月北京第2版
9787040310108,舞蹈学班,2023,第一版
9787552306248,舞蹈学班,2023,2015年第1版
9787103000854,音乐学班,2025,2013年1月版
9787562122722,音乐（师范）,2022,2007年第1版
9787103041758,音乐（师范）,2023,2013年修订版
9787103041758,音乐学班,2022,9787103041819
9787103034835,音乐学班,2022,034406
9787103024201,音乐学班,2024,2001
9787552306248,音乐表演,2023,2015版
9787552306248,音乐表演,2023,2015版
9787562114901,音乐（师范）,2025,2019年7月第4版
9787562114901,音乐（师范）,2025,2019年7月第4版
9787562114901,音乐学班,2025,2019年7月第4版
9787562114901,音乐表演,2025,2019年7月第4版
9787556600304,音乐（师范）,2023,第1版
9787515311104,音乐（师范）,2023,第1版
9787556600304,音乐（师范）,2023,第1版
9787515311104,音乐（师范）,2023,第1版
9787562199076,音乐（师范）,2022,9787562199076
9787569710342,音乐（师范）,2022,9787569710342
9787894541017,音乐（师范）,2025,V10 第一版
9787894541017,音乐（师范）,2025,V10 第一版
9787506781657,蚕学+生技双学位、25级神农班,2025,第一版
9787506781657,蚕学+生技双学位、25级神农班,2025,第一版
9787569708929,蚕学+生技双学位、25级神农班,2025,第一版
9787569708929,蚕学+生技双学位、25级神农班,2025,第一版
9787040314038,植物生产类（农生）,2025,第三版
9787109276062,植物生产类（园艺）,2025,2020年第1版
9787040427776,植物生产类（植保）,2025,第三版
9787040314038,生物育种、植物生产类（植保）,2025,第三版
9787040427776,植科（中外合作）,2025,第三版
9787506781657,生技,2025,第一版
9787569708929,生技,2025,第一版
9787040427776,茶学班,2025,第三版
9787506781657,25级神农班,,第一版
9787506781657,25级神农班,,第一版
9787569708929,25级神农班,,第一版
9787569708929,25级神农班,,第一版
9787569708929,植物生产类（农生）,2025,第一版
9787569708929,植物生产类（农生）,2025,第一版
9787569708929,植物生产类（园艺）,2025,第一版
9787569708929,植物生产类（园艺）,2025,第一版
9787506781657,蚕学+生技双学位,2025,第一版
9787569708929,蚕学+生技双学位,2025,第一版
9787569708929,生物育种,2025,第一版
9787506781657,生技,2025,第一版
9787569708929,生技,2025,第一版
9787506781657,生技,2025,第一版
9787569708929,生技,2025,第一版
9787569708929,植科（中外合作）,2025,第一版
9787569708929,植科（中外合作）,2025,第一版
9787569708929,茶学班,2025,第一版
9787569708929,植物生产类（植保）,2025,第一版
9787569708929,植物生产类（植保）,2025,第一版
9787569708929,植物生产类（植保）,2025,第一版
9787109276062,风景园林,2024,2020年第1版
9787109276062,风景园林,2024,2020年第1版
9787109276062,风景园林,2024,2020年第1版
9787560864556,风景园林,2024,第五版
9787560864556,风景园林,2024,第五版
9787109106277,风景园林,2024,第1版
9787109106277,风景园林,2024,第1版
9787109106277,风景园林,2024,第1版
9787109106277,风景园林,2024,第1版
9787109106277,园林,2023,2009年3月第一版
9787109106277,园林,2023,2009年3月第一版
9787109106277,园林,2023,2009年3月第一版
9787109106277,园林,2023,2009年3月第一版
9787811178357,园艺,2023,第2版
9787811178357,园艺,2023,第2版
9787811178357,园艺,2023,第二版
9787811178357,园艺,2023,第二版
9787503865190,风景园林,2023,五
9787503865190,风景园林,2023,五
9787521901986,园林,2024,第二版
9787521901986,园林,2024,第二版
9787521901986,园林,2024,第二版
9787521901986,园林,2024,第二版
9787521901986,园林,2024,第二版
9787109163911,园林,2024,2013年9月第二版
9787109163911,园林,2024,265822
9787109163911,园林,2024,265822
9787109163911,园林,2024,265822
9787302033851,风景园林,2024,2008
9787302033851,风景园林,2024,2008
9787302033851,风景园林,2024,2008
9787302033851,风景园林,2024,2008
9787503893421,园林,2024,第4版
9787503893421,园林,2024,第4版
9787503893421,园林,2024,第4版
9787503881039,园林,2023,第三版
9787503881039,园林,2023,第三版
9787112131525,风景园林,2024,第一版
9787112131525,风景园林,2024,第一版
9787112131525,风景园林,2024,第一版
9787112131525,风景园林,2024,第一版
9787109106277,风景园林,2024,第1版
9787109106277,风景园林,2024,第1版
9787109106277,风景园林,2024,第1版
9787112199662,风景园林,2023,第一版
9787112199662,风景园林,2023,第一版
9787112199662,风景园林,2023,第一版
9787112199662,风景园林,2023,第一版
9787112131525,风景园林,2023,2011 年第1版
9787112131525,风景园林,2023,2011 年第1版
9787112131525,风景园林,2023,2011 年第1版
9787565502873,园艺,2023,978-7-5655-0287-3
9787565502873,园艺,2023,978-7-5655-0287-3
9787565502873,园艺,2023,978-7-5655-0287-3
9787565502873,园艺,2023,978-7-5655-0287-3
9787112131525,园林,2024,2011 年第1版
9787112131525,园林,2024,2011 年第1版
9787112131525,园林,2024,2011 年第1版
9787112131525,园林,2024,2011你6月第一版
9787040521979,园艺,2024,第四版
9787040521979,园艺,2024,第四版
9787040521979,园艺,2024,第四版
9787040521979,园艺,2024,第四版
9787109137714,园艺,2023,第三版
9787030338969,风景园林,2023,第二版
9787030338969,风景园林,2023,第二版
9787030338969,风景园林,2023,第二版
9787109133617,园林,2023,第一版
9787112073221,园林,2023,第二版
9787112073221,园林,2023,第二版
9787109276796,园艺,2023,第二版
9787122160874,园艺,2023,第1版
9787569709162,风景园林,2023,第1版
9787112171804,风景园林,2024,第四版
9787040466508,园艺,2023,第三版
9787109246232,园艺,2023,第二版
9787112102938,风景园林,2023,2018年第1版
9787564193676,风景园林,2024,第一版
9787109264335,园艺,2022,第4版
9787109264335,园艺,2023,第4版
9787109270725,园艺,2023,第一版
9787040599237,茶学,2023,第1版
9787040599237,园林,2023,第一版
9787040599237,园林,2023,第一版
9787040599237,园林,2024,第一版
9787040599237,园林,2024,第一版
9787040559682,园艺,2023,第四版
9787040559682,茶学,2023,第四版
9787040559682,园林,2023,第4版
9787558038020,风景园林,2024,第一版
9787558038020,风景园林,2024,第一版
9787558038020,风景园林,2024,第一版
9787558038020,风景园林,2024,第一版
9787301237113,园林,2024,978-730-123-7-11-3
9787301237113,园林,2024,978-730-123-7-11-3
9787301237113,园林,2024,978-730-123-7-11-3
9787301237113,园林,2024,978-730-123-7-11-3
9787569708929,生物技术（西塔）,2025,第一版
9787569708929,生物技术（西塔）,2025,第一版
9787040427776,生物技术（西塔）,2025,第三版
9787109247901,智慧农业班,2024,第四版
9787109238220,植保,2023,第五版
9787109238220,植保,2023,第五版
9787030258670,植保,2024,194489
9787030258670,植保,2024,194489
9787030258670,植保,2024,194489
9787030258670,植保,2024,194489
9787030258670,植保,2024,9787030258670
9787030258670,植保,2024,9787030258670
9787030258670,植保,2024,9787030258670
9787030258670,植保,2024,9787030258670
9787030258670,植保,2024,9787030258670
9787030258670,植保,2024,9787030258670
9787030258670,植保,2024,9787030258670
9787562197027,植保,2024,2019年第1版
9787562197027,植保,2024,2019年第1版
9787562197027,植保,2024,2019年第1版
9787562197027,植保,2024,2019年第1版
9787562197027,植保,2024,2019年第1版
9787562197027,植保,2024,2019年第1版
9787562197027,植保,2024,2019年第1版
9787562197027,植保,2024,2019年第1版
9787109302501,植保,2024,ISBN 978-7-109-30250-1
9787109302501,植保,2024,ISBN 978-7-109-30250-1
9787109302501,植保,2024,第一版
9787109302501,植保,2024,第一版
9787562188407,植保,2024,第一版
9787562188407,植保,2024,第一版
9787562188407,植保,2024,第一版
9787562188407,植保,2024,第一版
9787562188537,植保,2023,第一版
9787562188537,植保,2023,第一版
9787562188537,植保,2023,第一版
9787562188537,植保,2023,第一版
9787562188537,植保,2023,第一版
9787562188537,植保,2023,第一版
9787811170641,植保,2022,第一版
9787811170641,植保,2022,第一版
9787503881022,园林,2024,第3版
9787503881022,园林,2024,第3版
9787811175790,植保,2023,第一版
9787811175790,植保,2023,第一版
9787122432346,植保,2022,第一版
9787122432346,植保,2022,第一版
9787302048190,植保,2023,第一版
9787302048190,植保,2023,第一版
9787302048190,植保,2023,第一版
9787302048190,植保,2023,第一版
9787302048190,植保,2023,第一版
9787302048190,植保,2023,第一版
9787030348388,植保,2023,第一版
9787030348388,植保,2023,第一版
9787122021786,植保,2023,2008
9787122021786,植保,2023,2008
9787109163065,植保,2022,2012年第一版
9787109163065,植保,2022,2012年第一版
9787109164246,植保,2023,第三版
9787109164246,植保,2023,第三版
9787030628237,植保,2023,第二版
9787030628237,植保,2023,第二版
9787502594213,植保,2023,1
9787502594213,植保,2023,1
9787109140240,植保,2022,2009年
9787109140240,植保,2022,2009年
9787109131927,植保,2022,第2版
9787109131927,植保,2022,第2版
9787109131347,植保,2022,第一版
9787109131347,植保,2022,第一版
9787109323711,园艺,2023,I. S436.8
9787109323711,园艺,2023,I. S436.8
9787040249606,植保,2023,第三版
9787040249606,植保,2023,第三版
9787121403033,植保,2023,1
9787121403033,植保,2023,1
9787040599237,植保,2023,第1版
9787040599237,植保,2023,第1版
9787040599237,植保,2023,第一版
9787040599237,植保,2023,第一版
9787040521979,农资（光炯创新）班,2024,第4版
9787040521979,农资,2024,第四版
9787109319844,风景园林,2024,2024年第5版
9787109240568,自然生态类,2025,第二版
9787109229631,自然生态类,2025,第2版
9787109229631,自然生态类,2025,第2版
9787040548549,环科工程,2024,第5版
9787040226737,环科工程,2024,第五版
9787040548549,环科工程,2024,第5版
9787040226737,环科工程,2024,第五版
9787565523588,土地科技班,2024,V6
9787509218549,农资,2024,第一版
9787509218549,农资,2024,第一版
9787109284333,农资（光炯创新）班,2024,第四版
9787109284333,农资（光炯创新）班,2024,第四版
9787109203815,林学班,2024,第三版
9787109203815,林学班,2024,第三版
9787109251557,农资（光炯创新）班,2024,2019年修订版
9787109251557,林学班,2024,2019年修订版
9787109251557,林学班,2024,2019年修订版
9787109147591,水保,2024,第三版
9787522620466,水保,2024,第3版
9787109261938,林学班,2024,第四版
9787122324405,环科工程,2024,第三版
9787122324405,环科工程,2024,第三版
9787122324405,环科工程,2024,第三版
9787122324405,环科工程,2024,第三版
9787122324405,环科工程,2024,第三版
9787030583185,环科工程,2023,第一版
9787030583185,环科工程,2023,第一版
9787030583185,环科工程,2023,2018年第一版
9787030583185,环科工程,2023,2018年第一版
9787030583185,环科工程,2023,2018年第一版
9787030583185,环科工程,2023,2018年第一版
9787030583185,环科工程,2023,第1版
9787302598565,土地科技班,2024,第一版
9787109285361,土地科技班,2024,第九版
9787503881282,植保,2024,谢德体
9787503881282,植保,2024,第二版
9787040616248,环科工程,2023,第六版
9787040616248,环科工程,2023,第六版
9787040616248,环科工程,2023,第六版
9787040616248,环科工程,2023,第六版
9787521909463,水保,2023,2020年第二版
9787521909463,水保,2023,2020年第二版
9787521909463,水保,2023,2020年第二版
9787300284187,土管班,2023,第8版
9787030089120,土管班,2023,第一版
9787307242913,土管班,2023,2024年第4版
9787109147591,农资（光炯创新）班,2024,第三版
9787109261938,农资,2024,第四版
9787109276772,农资（光炯创新）班,2024,无
9787109276772,农资,2024,第1版
9787109276772,农资,2024,第1版
9787109276772,农资,2024,第1版
9787109276772,农资,2024,第1版
9787109120266,农资（光炯创新）班,2023,第一版
9787109120266,农资,2023,第一版
9787562359951,水保,2024,第4版
9787562359951,水保,2024,第4版
9787562359951,水保,2024,第4版
9787503857249,水保,2023,第二版
9787503857249,水保,2023,第二版
9787030347756,水保,2023,第一版
9787030347756,水保,2023,第一版
9787030338358,水保,2023,第一版
9787030338358,水保,2023,第一版
9787521917567,水保,2023,2022年第一版
9787521917567,水保,2023,2022年第一版
9787521917567,水保,2023,2022年第一版
9787521910667,林学班,2023,第4版
9787503898440,林学班,2023,第二版
9787040523942,环科工程,2023,第二版
9787040523942,环科工程,2023,第二版
9787040523942,环科工程,2023,第二版
9787040523942,环科工程,2023,第二版
9787040421262,环科工程,2023,第四版
9787040421262,环科工程,2023,第四版
9787040421262,环科工程,2023,第四版
9787040421262,环科工程,2023,第四版
9787040421262,环科工程,2023,第四版
9787040421262,环科工程,2023,第四版
9787040555806,环科工程,2023,第四版
9787040555806,环科工程,2023,第四版
9787040555806,环科工程,2023,第四版
9787040555806,环科工程,2023,第四版
9787109285361,土管班,2023,第九版
9787109319844,土地科技班,2024,第5版
9787521901726,林学班,2023,5
9787564184391,土管班,2023,第四版
9787109164161,林学班,2023,第三版
9787521920789,农资（光炯创新）班、农资,2023,第3版
9787040387421,农资,2024,第3版
9787040387421,农资（光炯创新）班,2024,第3版
9787109218765,土管班,2023,第二版
9780000000000,农资（光炯创新）班、农资,2024,第一版
9780000000000,林学班,2024,第一版
9787521920789,植保,2022,2023年5月第3版
9787122356758,农资（光炯创新）班、农资,2023,2020年第2版
9787522617794,农资（光炯创新）班、农资,2023,第1版
9787522617794,农资（光炯创新）班、农资,2023,第1版
9787109143883,农资（光炯创新）班,2023,第三版
9787109143883,农资,2023,第三版
9787109143883,农资,2023,第三版
9787565534188,农资（光炯创新）班、农资,2023,第三版
9787503869464,农资（光炯创新）班、农资,2022,2013年2月第三版
9787109119390,农资（光炯创新）班、农资,2023,第一版
9787115542403,农资（光炯创新）班、农资,2022,1
9787801243508,水保,2023,第三版
9787522616384,水保,2022,2023版
9787522616384,水保,2022,2023版
9787517056393,水保,2022,3
9787308048286,水保,2022,1
9787517058038,水保,2022,第2版
9787502567514,水保,2022,9787502567514
9787030348920,水保,2023,第二版
9787503898938,林学班,2023,第4版
9787521927542,林学班,2023,第2版
9787030259554,林学班,2023,第一版
9787521924732,林学班,2023,第1版
9787109247666,林学班,2024,第四版
9787503257896,林学班,2023,2017版
9787503841699,林学班,2023,第3版
9787109161597,林学班,2023,第三版
9787040228762,环科工程,2024,第四版
9787040228762,环科工程,2024,第四版
9787040228762,环科工程,2024,第四版
9787112302178,环科工程,2023,第五版
9787112302178,环科工程,2023,第五版
9781551820743,环科工程,2023,第一版
9781551820743,环科工程,2023,第一版
9787112254743,环科工程,2023,第四版
9787112254743,环科工程,2023,第四版
9781551820743,环科工程,2023,第一版
9781551820743,环科工程,2023,第一版
9787511471017,环科工程,2023,第二版
9787511471017,环科工程,2023,第二版
9787040207491,环科工程,2023,第一版
9787040207491,环科工程,2023,第一版
9787111508847,环科工程,2023,第一版
9787111508847,环科工程,2023,第一版
9787511471017,环科工程,2023,第二版
9787040207491,环科工程,2023,第一版
9787111508847,环科工程,2023,第一版
9787112204137,环科工程,2022,2017年 第三版
9787040506235,环科工程,2023,第三版
9787040506235,环科工程,2023,第三版
9787040470321,环科工程,2022,2017版第2版
9787111644552,环科工程,2023,第1版
9787030763969,环科工程,2022,第1版
9787040375718,环科工程,2023,第三版
9787300286839,环科工程,2022,第一版
9787563833108,土管班,2023,第10版
9787040495379,土管班,2023,第3版
9787109307476,植科（中外合作）,2024,2023年6月第一版
9787040441895,环科工程,2024,第七版
9787040441895,环科工程,2024,第七版
9787040559682,农资（光炯创新）班、农资,2023,1
9787040559682,林学班,2023,1
9787040559682,水保,2023,第1版
9787040525533,土地科技班,2024,第二版
9787040525533,土地科技班,2024,第二版
9787517097600,土地科技班,2024,第一版
9787122362421,环科工程,2024,第1版
9787122362421,环科工程,2024,第一版
9787122362421,环科工程,2024,2020年第1版
9787122362421,环科工程,2024,2020年第1版
9787122362421,环科工程,2024,2020年第1版
