isbn,edition
9787300242620,理工类.第五版
9787115647924,第3版
9787030365163,2013年1月第一版
9787115572653,第1版
9787030640154,第六版
9787544682190,第2版
9787544658737,第2版
9787302659938,全新版
9787040557848,第1版
9787040581416,第1版
9787513590143,第2版
9787513590112,第2版
9787300309934,第2版
9787521325560,第3版
9787544661874,第1版
9787566013729,第1版
9787521312843,第13版(中国版)
9787513550154,第9版
9787560073323,第1版
9787301247235,第1版
9787040648805,第1版
9787040624106,第1版
9787040504811,2018年10月第五版
9787569703214,第二版
9787030365163,2013年3月第一版
9787030365163,2013年2月第一版
9787300243849,2017年7月第5版
9787040589818,第八版
9787040588682,第八版
9787567591554,2019年6月第二版
9787301291603,2
9787030489449,2
9787109334281,第二版
9787030635204,第五版
9787030537935,第三版
9787030638038,第二版
9787030489432,第二版
9787302659914,全新版
9787521327267,第1版
9787521365627,第4版（新形态版）
9787521365535,第4版（新形态版）
9787544661850,第1版
9787521362749,第1版
9787521328134,第2版
9787300243832,2017年7月第5版
9787030489432,2
9787040400229,2
9787109242753,第二版
9787040617405,
9787040566222,（2023年版）
9787040566208,（2023年版）
9787109276031,第二版
9787040566239,（2023年版）
9787040566215,（2023年版）
9787567300934,2013年4月第1版
9787115564979,1
9787010152516,第三版
9787040617009,第二版
9787010125749,2013年第1版
9787010125817,第5版
9787544661850,第一版
9787302455844,第3版
9787302455851,第3版
9787302305552,第3版
9787040530339,第七版
9787040530339,
9787040010251,第一版
9787040010251,
9787040344967,第三版
9787030349965,1
9787040376241,第六版
9787040582307,第二版
9787040582307,第2版
9787302524670,第2版
9787111653509,第4版
9787111662785,第三版
9787111530954,第3版
9787564046156,第一版
9787040479751,第6版
9787040459920,第8版
9787040479751,6
9787040459920,第八版
9787040266504,第八版
9787118113105,第2版
9787560329321,第1版
9787111071501,第1版
9787111302612,2019年8月第1版第6次印刷
9787122220318,第三版
9787302249078,第五版
9787111177333,1
9787301325513,2021版
9787111610878,
9787512435834,第4版
9787548707479,第四版
9787122015211,第一版
9787562443988,第三版
9787111664925,第六版
9787111066378,第4版
9787040261400,第2版
9787562174783,第1版
9787562174783,无
9787040462685,2017年第三版
9787040462685,2017版
9787040616811,第三版
9787040616811,第3版
9787040616811,2024年第三版
9787030720016,2022年第二版
9787307242043,2024年2月第三版
9787040165654,第4版
9787040165654,第四版
9787040060164,第四版
9787307210097,第二版
9787040462685,第三版
9787030539076,2018年第一版
9787040495379,无
9787030804969,第一版
9787030804969,2024第一版
9787040005332,第1版
9787040005332,无
9787040041736,1993年6月第1版
9787040041736,1985年6月第1版
9787040041736,2021年1月第2版
9787040041736,1985年6月第1版本
9787030636607,2019年第一版
9787030563293,第1版
9787030563309,第1版
9787040591255,第六版
9787100096744,第一版
9787040542325,第二版
9787040542325,2022年第二版
9787040542325,2020年第2版
9787040542325,第2版
9787040620115,2024年第2版
9787040620115,058689
9787040620115,第2版
9787040620115,第二版
9787109203228,第6版
9787307242043,第三版
9787100202879,第一版
9787564184391,4
9787109285361,第九版
9787302521341,2019年第1版
9787040555646,第三版
9787503022913,2011年6月第一版
9787302583318,第一版
9787030369086,第二版
9787109261068,2021年3月第1版
9787109227996,第1版
9787030534316,2017年6月第二版
9787040144611,2004年7月第1版
9787040144611,第一版
9787030465962,第一版
9787030272317,第一版
9787511155894,修订版
9787565523588,第6版
9787550452282,第一版
9787302023685,第一版
9787030658227,第三版
9787302366157,2014年第2版
9787307079618,v1
9787563833108,第10版
9787040423785,第三版
9787301310212,第3版
9787040566482,第一版
9787122465955,2024年第二版
9787122465955,第二版
9787030277503,第一版
9787100123983,第六版
9787100123983,1
9787576019636,第一版
9787030356406,978-7-03-035640
9787030087706,2018-3-16
9787521908848,第4版
9787562253174,2012年版
9787030493026,2016年第一版
9787030563309,第31版
9787030563309,第一版
9787532897315,第2版
9787569723540,第一版
9787109176751,第13版
9787569723540,第1版
9781440878824,2022年第9版
9787565529337,第1版
9787040427776,第三版
9787532897292,第2版
9787570103256,第2版
9787569723540,2024年8月　第1版
9787302518365,第一版
9787040442717,第二版
9780965764834,第3版
9787109262744,ISBN 978-7-109-26274-4
9787109147645,第三版
9787109296749,第三版
9787109237742,第一版
9787511609632,
9787109154063,第三版
9787109247888,第二版
9787109262744,第3版
9787562158332,2012年第1版
9787562158332,第1版
9787109205116,
9787562158332,第 1版
9787562158332,第一版
9787562197300,第1版
9787040471571,第5版
9787030368539,原书第五版
9787030754684,2022年第二版
9787117264402,第七版
9787117222785,第七版
9787109265165,第四版
9787109256165,第四版
9787565520198,第三版
9787040521870,第2版
9787109189232,第4版
9787109081963,7-109-08196-6
9787109081963,第三版
9787109140875,1
9787109215160,第二版
9787109272453,第一版
9787109218956,第一版
9787569723908,第一版
9787562163046,第一版
9787562163046,1
9787115510044,第一版
9787313136015,2015年9月第1版
9787313136015,2015年9月1版
9787562167587,第一版
9787030778673,第三版
9787109241336,
9787565519970,第二版
9787565519598,第二版
9787122059796,第一版
9787109194557,第4版
9787109194144,第二版
9787569709513,第二版
9787569718782,第1版
9787109290549,
9787109268432,6
9787562163022,1
9787109305960,原书第六版
9787109169623,第五版
9787302324317,2018年第一版
9787302324317,第一版
9787109169623,2018年第一版
9787117041027,
9787538405286,第1版
9787109241336,自编教材
9787109293748,第4版
9787109252530,2019年第一版
9780000000000,无
9787109163256,第四版
9787109186750,第四版
9787109163256,第4版
9787109219199,第二版
9787109201279,第三版
9787109120198,第一版
9787109161924,第五版
9787565519741,第2版
9787801569318,1
9787569718782,第一版
9787810024877,第1版
9787513234153,10
9787030691927,第3版
9787030691927,第３版
9787122269751,3
9787570625345,第1版
9787109133488,2009年第1版
9787109075443,第一版
9787569713701,2022年4月第1版
9787569713701,第一版
9787569713701,第1版
9787569713701,2022年第一版
9787040442779,自编教材
9787040526219,第二版
9787040526219,2022年第二版
9787040566093,2022第三版
9787040566093,第三版
9787040610529,第二版
9787300319025,1
9787040459241,无
9787040582710,第二版
9787519783099,第五版
9787040565416,第二版
9787040566055,第三版
9787040582727,第二版
9787040501162,第二版
9787300331225,第四版
9787010227696,第二版
9787040458329,第1版
9787040458329,第一版
9787109294219,第三版
9787300270470,第五版
9787300146577,
9787040536133,第二版
9787040510713,第一版
9787040365900,2
9787040368918,第二版
9787209057745,第1版
9787040500912,第二版
9787300334424,第一版
9787300287294,2021年第一版
9787309161267,第二版
9787801901217,2018年版
9787040522068,978-7-04-052206-8
9787040525557,2019年修订版
9787010229256,第二版
9787300305394,第六版
9787300256214,第五版
9787040540420,2020版
9787521703832,第一版
9787300225807,第1版
9787211076406,第1版
9787040543995,第二版
9787040508901,第一版
9787568064156,第一版
9787300258904,第1版
9787514197846,第一版
9787309060119,048297
9787306062192,267651
9787300257020,第1版
9787309145687,第二版
9787101001365,第1版
9787302595199,第4版
9787300281483,第一版
9787040616255,第二版
9787010223018,2020年第2版
9787300219622,978-7-300-21962-2
9787030764614,CIP（2023）第182528号
9787040465389,第3版
9787040540178,2021版
9787040540178,第三版
9787109203228,第六版
9787101137637,第一版
9787503571657,第一版
9787302470892,第1版
9787567537194,第2版
9787040275612,第一版
9787040589818,第8版
9787040384802,第6版
9787040384802,第六版
9787115422743,第1版
9787040516609,第五版
9787300242620,第五版
9781292092232,第5版
9787030666208,第1版
9787111115014,英文版
9787111135104,第2版
9781292025766,4th edition
9780321541406,4th edition
9787040610406,第一版
9787040610406,第1版
9780071311168,1st Edition
9787111740667,第三版
9787111740667,第3版
9787111657620,第10版
9787111739166,第二版
9787111558491,第二版
9787040587210,第3版
9787111712367,原书第8版
9787302530213,第三版
9787111712367,第8版 中文版
9787111599715,原书第7版
9781118871645,1
9787115508232,第一版
9787301248775,第二版
9787040617313,1
9787115600820,1
9787302597308,第1版
9787115598103,4
9780135369616,最新版
9787111377849,第1版
9787040622096,1
9787040591255,第6版
9787115228406,第3版
9787111350521,第1版
9787302247890,第1版
9780071221351,Forth Edition
9781292040608,Fourth Edition
9780081026151,5th Edition
9787121224409,5
9787121224409,第5版
9787302507222,3
9787302023685,2021年1月第三版
9787115651259,2024年8月第3版
9787121315831,第3版
9787040622096,第一版
9787302147510,第一版
9780387978949,four edition
9781119236375,1st Edition
9781259072772,英文版.原书第9版
9787302575443,第6版
9787302606338,2
9787302663386,2
9787302598503,2022年版
9787302659556,1
9787302662747,1
9787118022070,3
9787030732385,2022 第一版
9787302678717,1
9787302597308,1
9787302511830,1
9787302530213,第四版
9787302530213,第4版
9787121314025,原书第六版
9787040548525,第2版
9787122446183,2024年第一版
9787302623816,3
9787302551508,第2版
9787302330981,第6版
9787115632708,第一版
9787302524670,2
9787302446453,第4版
9787040638547,第一版
9787302554592,无
9787115598110,第4版
9787115472588,第四版
9787111557456,第1版
9783540705345,3rd Edition
9789811608032,Fourth Edition
9787302245469,7
9787302433835,第九版
9787302663409,第2版
9781265263218,4th Edition
9781265263213,2023
9787040492453,第一版
9787115524393,1
9787115524393,第1版
9787121344398,第5版
9787302533757,第2版
9787302533757,第二版
9787040601343,第七版
9787040516524,第六版
9787040522105,第二版
9787010233550,第二版
9787040525533,第二版
9787040525533,2022年第二版
9787040526417,第二版
9787040525533,第2版
9787300326948,第六版（精编版）
9787300300016,第2版
9787300300016,2022年1月第2版
9787300300016,第二版
9787040522297,第五版
9787040398984,第五版
9787040522297,第5版
9787030705648,第2版
9787109315051,第五版
9787565431951,第5版
9787300278155,5
9787040567311,第五版
9787300304762,第6版
9787300327990,第十版
9787040527230,第五版
9787040522068,第一版
9787111657699,第五版
9787111762003,第6版
9787565452451,第8版
9787565452451,第八版
9787565442285,第八版
9787565452963,第8版
9787565442285,第七版
9787565431951,第7版
9787569714685,第1版
9787111754916,第五版
9787300282213,英文版第17版
9787301247877,第八版
9787569719314,第一版
9787040626308,第三版
9787040608311,第五版
9787310051021,第3版
9787568037402,2020年第1版
9787300290614,1
9787300290614,第三版
9787040522129,第一版
9787301317723,第1版
9787300310688,第三版
9787300270258,第三版
9787040508888,第1版
9787030429599,004011
9787109272149,第三版
9787301261903,第1版
9787310037513,第二版
9787040340228,第三版
9787300310787,第6版
9787565455605,第五版
9787509667279,第二版
9787302582977,第4版
9787300287676,第五版
9787300271521,最新
9787300320588,1
9787568060288,第六版
9787111551218,第二版
9787300289373,
9787300333489,第7版
9787564241452,2023年3月第4版
9787111690665,第二版
9787522024462,第六版
9787111608516,第二版
9787111611349,第12版
9787300324111,原书第六版
9787030385680,最新
9787565452352,第8版
9787565452352,第八版
9787565443022,第八版
9787301307229,第四版
9787111769675,第4版
9787040522792,第七版
9787309128161,第四版
9787300317922,第二版
9787300303840,第3版
9787300303840,第三版
9787111764885,第三版
9787543232877,2022年第1版
9787300319247,第七版
9787300330181,14
9787040627862,第六版
9787300304465,第1版
9787300327440,第四版
9787040588958,第三版
9787040550986,第一版
9787111733133,2023年第一版
9787040622942,第三版
9787040471700,第2版
9787302643814,1
9787040490596,第3版
9787121284229,第3版
9787302589471,第三版
9787300278148,第三版
9787109233638,2017年10月第一版
9787040548556,第五版
9787040616187,第2版
9787111705482,第4版
9787030517760,第一版
9787040599237,第1版
9787040501117,第二版
9787040288216,第二版
9787040501124,第二版
9787040508895,第一版
9787040296044,第二版
9787040340938,2013年第1版
9787040340938,2013年3月第1版
9787040222906,179153
9787040526547,2020年版
9787040532708,第二版
9787100209397,第三版
9787100209397,第三版修订版
9787100083591,第三版
9787040535354,3
9787040534344,第三版
9787040508833,2019年1月第1版
9787040534344,2020年第3版
9787300305394,2022年第六版
9787040617009,2023年版
9787040508826,2019年第1版
9787040508826,2019年1月第1版
9787810567640,第一版
9787310038398,第一版
9787040199659,修订版
9787562196747,014636
9787030653437,第二版
9787030653437,2020年版
9787569709506,2021版
9787030569301,无
9787040420630,第1版
9787569709506,第2版
9787569709506,第二版
9787109129641,第二版
9787569709506,2021.07
9787569709506,1
9787569709506,978-7-5697-0950-6
9787517083894,第三版
9787040291308,第二版
9787030701213,第三版
9787109241398,第三版
9787030443359,2017年第二次印刷
9787109297371,ISBN 978-7-109-29737-1
9787030653901,2020第一版
9787109297371,第一版
9787109275904,原书第五版
9787109275904,第五版
9787109229525,2017年5月第1版
9787305252273,2022年第一版
9787030364435,2013年第3版
9787030264435,010039
9787109269927,2020年第3版
9787030752307,第一版
9787109097971,第二版
9787109158719,第二版
9780000000002,无
9787565522512,第2版
9787040317930,第2版
9787040317930,第二版
9787109297890,第一版
9787030378552,2013年6月第二版
9787030378552,第二版
9787109261921,第三版
9787565528552,
9787030341419,2012年第1版
9787122404701,第三版
9787030653901,1
9787040521979,第四版
9787030753069,第三版
9787109171961,第二版
9787569701289,第二版
9787569701289,第2版
9787511616531,第一版
9787040599237,1
9787040599404,第二版
9787561562321,2016第一版
9787040525540,第二版
9787302481256,第5版
9787300288055,11
9787566321794,第七版
9787111753117,第六版
9787302572541,第2版
9787040574425,1
9787040506532,1
9787040506532,第1版
9787040613018,第二版
9787302481447,第五版
9787302208006,第五版
9787302629672,2023年第一版
9787302662006,无
9787121411748,第八版
9787040525540,2
9787300293912,第九版
9787111657491,第6版
9787040205640,第二版
9787040558463,第七版
9787121295126,CIP数据核字（2019）第174825号
9787111631521,第5版
9787302576433,第3版
9787302662709,第一版
9787302519133,
9787302519133,1
9787302519133,第一版
9787111753353,2024年6月第4版第1次印刷
9787302478447,2017年版
9787302480297,第一版
9787567566545,第2版
9787030602237,第二版
9787302616351,第3版
9787300334646,第8版
9787565441929,第七版
9787111545781,第一版
9787115579577,第5版
9787302551140,第7版
9787562198963,第1版
9787302605140,2023年第一版
9787111655329,第3版
9787300285825,第四版
9787302562535,第四版
9787564239107,第六版
9787302686446,第一版
9787111671619,第2版
9787115503497,第1版
9787302598091,无
9787563829965,4
9787030602237,无
9787303220533,2017年3月第2版
9787807104018,2007年2月第1版
9787302659877,无
9787111672661,4
9787301331231,第4版
9787111611349,原书第12版
9787521864953,2025
9787576618099,第1版
9787111690733,原书第9版
9787040525649,第1版
9787302486312,2
9787302626848,1
9787115561770,1
9787302647881,第1版
9787560366814,第2版
9787512432024,第2版
9787512432017,第2版
9787030586902,第一版
9787518409921,第一版
9787109278639,第三版
9787040444957,第8版
9787109201132,第一版
9787030586902,第1版
9787040521979,第4版
9787040444957,第八版
9787109201132,2008年第一版
9787109219113,第一版
9787030414762,第1版
9787518425280,第五版
9787518417759,第二版
9787030414762,第一版
9787518425280,第5版
9787109151772,第二版
9787109293489,第5版
9787109083868,第三版
9787565526848,第3版
9787565526848,3
9787030509772,第三版
9787569707670,第1版
9787518441471,第四版
9787030533951,第1版
9787040422344,第3版
9787109192409,第二版
9787518400515,第一版
9787811404043,第一版
9787109183445,第二版
9787109212893,第三版
9787565520280,第四版
9787109152953,第二版
9787501980604,第一版
9787122080165,第一版
9787565525537,2021年第一版
9787514202045,第4版
9787122240163,第三版
9787514201963,第二版
9787518432295,第一版
9787569727746,ISBN978-7-5697-2774-6
9787501997527,第二版
9787122125378,第三版
9787122375476,第一版
9787501968510,第一版
9787501976171,第四版
9787030635624,第二版
9787565524554,第2版
9787030333902,第1版
9787122226167,第一版
9787811167757,第一版
9787030452078,第2版
9787030711267,第4版
9787040194982,第1版
9787040445572,第3版
9787040556940,第4版
9787030429537,第3版
9787656616030,第三版
9787501994311,1
9787109089983,1
9787518436033,第三版
9787501957460,2
9787309064742,1
9787122011398,2008 第二版
9787122250995,第六版
9787564518059,第一版
9787565516047,第三版
9787109143135,第二版
9787519231996,第1版
9787111574064,第十七版
9787302590132,第七版
9787300243603,第十二版
9787521752007,第16版
9787531461951,第一版
9787301257302,第二版
9787536697140,第一版
9787810197083,第一版
9787220111846,第一版
9787516633601,第一版
9787518442522,第2版
9787030390196,第1版
9787115591081,第2版
9787122377425,第一版
9787303261833,第一版
9787109184770,2014年第3版
9787109262768,第2版
9787565516078,2
9787109076259,4th Edition
9787030463135,2016年第1版
9787117171298,第8版
9787518427833,第一版
9787536461925,2007年第一版
9787109294134,第1版
9787564504526,无
9787501959563,第一版
9787122393708,1
9787565523038,1
9787122206541,第3版
9787565502668,第3版
9787564335021,第一版本
9787567408050,第一版本
9787518413690,第1版
9787030631817,第5版
9787040288735,第1版
9787122320827,第一版
9787030640116,第3版
9787122450609,第一版
9787302654667,第一版
9787518422081,第1版
9787562140337,第一版
9787030509772,第一版
9787511708786,第一版
9787111434689,2013年第1版
9787109184770,第三版
9787300111254,
9787040512908,第一版
9787300209586,第二版
9787040487930,2017年第一版
9787565718496,第二版
9787301341827,2022年第二版
9787510028205,（2010）第188679号
9787309124415,2022年版
9787040501025,第二版
9787302443209,第一版
9787565724053,第三版
9787040485028,第一版
9787565708886,无
9787040533675,第四版
9787565714771,2015年12月第1版
9787565714771,2015年12月第一版
9787565713248,2015年10月第1版
9787565729881,原书第2版
9787301344392,第六版
9787040539851,中国版本图书馆CIP数据核字（2020）第058724号
9787300174075,第四版
9787302265948,第一版
9787565719608,2017年4月第1版
9787562449706,修订版
9787300327716,2024年第2版
9787504356239,
9787501996797,第二版
9787040554205,第一版
9787040501094,第二版
9787507840100,2017-8-1
9787300203058,2015年第1版
9787569715316,2022年6月第1版
9787500943631,2012年版
9787504368757,2013年4月第二版
9781483379586,第四版
9787300306957,第七版
9787565711305,2
9787810859189,第一版
9787565731754,第1版
9787565734711,第2版
9787576825596,2023年10月 第1版
9787030451071,第一版
9787030559425,1
9787122387660,第一版
9787122326737,第二版
9787030550811,2018年第一版
9787030458490,国家级药学实验教材（示范）中心实验系列教材
9787040398991,第4版
9787122240514,第一版
9787117350303,第5版
9787561850466,第一版
9787030801180,第二版
9787030453518,第一版
9787117332910,第九版
9787117220279,第八版
9787565906026,第五版
9787030458452,2005年第一版
9787122454553,第1版
9787030458452,第一版
9787122379566,第1版
9787030780867,2024年6月第一版
9787030458469,2015年第1版
9787030780867,第1版
9787030458476,
9787117347952,2023年第一版
9787030615510,2020年第一版
9787030546098,第1版
9787030751126,第1版
9787117339131,第9版
9787030751126,2023年6月第一版
9787030473639,2016版
9787030458476,2015年第1版
9787122461070,第三版
9787117330718,第8版
9780912111995,第一版
9787117241526,第3版
9787117241526,第三版
9787117220224,第二版
9787030450357,第一版
9787547842393,第3版
9787313259820,第八版
9787117331937,第八版
9787117220972,第8版
9781259705212,10th Edition
9787030254658,第1版
9787030254658,2009年第1版
9787122369413,2020年第一版
9787513284660,
9787569714319,第8版
9787807510703,2010年第一版
9787807510703,2016.2重印
9787806921951,2013.4重印
9787805539508,2022年修订版
9787806921951,7806921958
9787103024751,02475
9787569714715,第四版
9787566008336,2014年
9787552313963,164612
9787562121619,2011年4月第3版
9787103000830,97871030
9787103034835,034406
9787562121619,第4版
9787807510833,978-7-80751-083-3
9787562145745,第一版
9787562122395,2010年4月第3版
9787552309430,第1版
9787301296460,第1版
9787562122395,第3 版
9787301298480,2018年10月 第1版
9787552309430,2016年9月 第1版
9787562122395,2010年4月 第3版
9787040510683,2008年1月1日版
9787040193367,2008年1月1日版
9787103031902,2008年3月北京第2版
9787807515180,2010年第一版
9787807515180,第一版
9787807516989,2010修订版
9787300047515,
9787552309621,2016年第一版
9787300047515,2016版
9787103038901,2011年版
9787562145745,V4
9787810963763,237983
9787552313963,2017年版
9787040310108,第一版
9787552306248,2015年第1版
9787103000854,2013年1月版
9787562122722,2007年第1版
9787103041758,2013年修订版
9787103041758,
9787103024201,2001
9787552306248,2015版
9787562114901,2019年7月第4版
9787556600304,第1版
9787515311104,第1版
9787562199076,
9787569710342,
9787894541017,V10 第一版
9787506781657,第一版
9787569708929,第一版
9787040314038,第三版
9787109276062,2020年第1版
9787560864556,第五版
9787109106277,第1版
9787109106277,2009年3月第一版
9787811178357,第2版
9787811178357,第二版
9787503865190,五
9787521901986,第二版
9787109163911,2013年9月第二版
9787109163911,265822
9787302033851,2008
9787503893421,第4版
9787503881039,第三版
9787112131525,第一版
9787112199662,第一版
9787112131525,2011 年第1版
9787565502873,978-7-5655-0287-3
9787112131525,2011你6月第一版
9787109137714,第三版
9787030338969,第二版
9787109133617,第一版
9787112073221,第二版
9787109276796,第二版
9787122160874,第1版
9787569709162,第1版
9787112171804,第四版
9787040466508,第三版
9787109246232,第二版
9787112102938,2018年第1版
9787564193676,第一版
9787109264335,第4版
9787109270725,第一版
9787040599237,第一版
9787040559682,第四版
9787040559682,第4版
9787558038020,第一版
9787301237113,978-730-123-7-11-3
9787109247901,第四版
9787109238220,第五版
9787030258670,194489
9787030258670,
9787562197027,2019年第1版
9787109302501,ISBN 978-7-109-30250-1
9787109302501,第一版
9787562188407,第一版
9787562188537,第一版
9787811170641,第一版
9787503881022,第3版
9787811175790,第一版
9787122432346,第一版
9787302048190,第一版
9787030348388,第一版
9787122021786,2008
9787109163065,2012年第一版
9787109164246,第三版
9787030628237,第二版
9787502594213,1
9787109140240,2009年
9787109131927,第2版
9787109131347,第一版
9787109323711,I. S436.8
9787040249606,第三版
9787121403033,1
9787109319844,2024年第5版
9787109240568,第二版
9787109229631,第2版
9787040548549,第5版
9787040226737,第五版
9787565523588,V6
9787509218549,第一版
9787109284333,第四版
9787109203815,第三版
9787109251557,2019年修订版
9787109147591,第三版
9787522620466,第3版
9787109261938,第四版
9787122324405,第三版
9787030583185,第一版
9787030583185,2018年第一版
9787030583185,第1版
9787302598565,第一版
9787503881282,谢德体
9787503881282,第二版
9787040616248,第六版
9787521909463,2020年第二版
9787300284187,第8版
9787030089120,第一版
9787307242913,2024年第4版
9787109276772,无
9787109276772,第1版
9787109120266,第一版
9787562359951,第4版
9787503857249,第二版
9787030347756,第一版
9787030338358,第一版
9787521917567,2022年第一版
9787521910667,第4版
9787503898440,第二版
9787040523942,第二版
9787040421262,第四版
9787040555806,第四版
9787109319844,第5版
9787521901726,5
9787564184391,第四版
9787109164161,第三版
9787521920789,第3版
9787040387421,第3版
9787109218765,第二版
9780000000000,第一版
9787521920789,2023年5月第3版
9787122356758,2020年第2版
9787522617794,第1版
9787109143883,第三版
9787565534188,第三版
9787503869464,2013年2月第三版
9787109119390,第一版
9787115542403,1
9787801243508,第三版
9787522616384,2023版
9787517056393,3
9787308048286,1
9787517058038,第2版
9787502567514,
9787030348920,第二版
9787503898938,第4版
9787521927542,第2版
9787030259554,第一版
9787521924732,第1版
9787109247666,第四版
9787503257896,2017版
9787503841699,第3版
9787109161597,第三版
9787040228762,第四版
9787112302178,第五版
9781551820743,第一版
9787112254743,第四版
9787511471017,第二版
9787040207491,第一版
9787111508847,第一版
9787112204137,2017年 第三版
9787040506235,第三版
9787040470321,2017版第2版
9787111644552,第1版
9787030763969,第1版
9787040375718,第三版
9787300286839,第一版
9787040495379,第3版
9787109307476,2023年6月第一版
9787040441895,第七版
9787040559682,1
9787040559682,第1版
9787517097600,第一版
9787122362421,第1版
9787122362421,第一版
9787122362421,2020年第1版
9787109167490,第一版
9787109261075,第三版
9787562133254,第1版
9787565525575,第2版
9787115572653,第一版